Video ID,Title,Comment
k4286q_Tovc,Webinar | How to Begin with Competitive Programming? | GeeksforGeeks,He looks like a bit of younger version of Abhishek Upamanyu !!!
k4286q_Tovc,Webinar | How to Begin with Competitive Programming? | GeeksforGeeks,Hey can u tell us the name of the dsa course that u took in ur first year.Being an ece student I want to learn all of it from scratch as I've no idea abt darastructures
k4286q_Tovc,Webinar | How to Begin with Competitive Programming? | GeeksforGeeks,sir I am currently doing cp on hackerrank how much time shall i devote to it
k4286q_Tovc,Webinar | How to Begin with Competitive Programming? | GeeksforGeeks,ğŸ¤”ğŸ¤¨
k4286q_Tovc,Webinar | How to Begin with Competitive Programming? | GeeksforGeeks,what is his name?
k4286q_Tovc,Webinar | How to Begin with Competitive Programming? | GeeksforGeeks,Whaaaaaaaaat. U started in first year????? Maaaaan
k4286q_Tovc,Webinar | How to Begin with Competitive Programming? | GeeksforGeeks,"This guy is everywhere,"
k4286q_Tovc,Webinar | How to Begin with Competitive Programming? | GeeksforGeeks,how to learn competitive programming free
k4286q_Tovc,Webinar | How to Begin with Competitive Programming? | GeeksforGeeks,pravidhi did you watch this?
w81-gJQL-vg,Webinar on Competitive Programming | GeeksforGeeks,12:47
w81-gJQL-vg,Webinar on Competitive Programming | GeeksforGeeks,Do we need to have any prior knowledge about data structures and algorithms or we can just start competitive programming straight away?
w81-gJQL-vg,Webinar on Competitive Programming | GeeksforGeeks,helpful !!!
w81-gJQL-vg,Webinar on Competitive Programming | GeeksforGeeks,"A few questions people have here. One of mines would be, what does he mean by 'using Google in a proper way?' I suppose he means using Google search operators to make good queries on any blogs, articles, or books that help find topics in relations to the programming problem. Here's an article I found on Google search operators: https://resources.spyfu.com/google-search-operators/"
w81-gJQL-vg,Webinar on Competitive Programming | GeeksforGeeks,"Is Codechef biased for C/C++ users?
Some tips to crack ACM ICPC ?
I know  how to implement algorithms but when it comes to competitive coding i don't know how to apply them. I don't get which algorithm to apply."
w81-gJQL-vg,Webinar on Competitive Programming | GeeksforGeeks,In short ... It's all depends on youğŸ˜‚
w81-gJQL-vg,Webinar on Competitive Programming | GeeksforGeeks,can anyone share link to sublime plugin 50:00 they are talking about
w81-gJQL-vg,Webinar on Competitive Programming | GeeksforGeeks,How raj learned maths behind algorithms.??? I mean how can someone understand derivation behind algo cause Introduction to Algo by Cormen is really tough to understand. Can you please suggest me ? How to learn derivation or how you actually learned??
w81-gJQL-vg,Webinar on Competitive Programming | GeeksforGeeks,Video starts at 1:18
0NsBYZ0zlSI,How to be a Python-Django Developer | Live Webinar by GeeksforGeeks,will u explain the python django theory
0NsBYZ0zlSI,How to be a Python-Django Developer | Live Webinar by GeeksforGeeks,Wow. This was the best video of geeks for geeks. ğŸ’œ
0NsBYZ0zlSI,How to be a Python-Django Developer | Live Webinar by GeeksforGeeks,Good work :-)  Saurabh
0NsBYZ0zlSI,How to be a Python-Django Developer | Live Webinar by GeeksforGeeks,"Hey guys, a lot of you asked for resources for getting better at Django, here are a few resources:

Creating scalable apps is more than just Django. You might want to get started with studying concepts around scalability and system design. Scalability usually revolves around the use case you're working on but once you know the basics you'll be able to scale your app.


Here are a few links:
https://www.youtube.com/channel/UCRPMAqdtSgd0Ipeef7iFsKw (for system design basics)
https://simpleisbetterthancomplex.com/
https://www.djangoproject.com/community/blogs/
http://tutorials.jenkov.com/oauth2/index.html


Here are a few topics you should study:
- horizontal vs vertical scaling
- web servers scaling (uWSGI, nGINX)
- database query optimisations
- db index allocation
- async programming with RabbitMQ and celery"
0NsBYZ0zlSI,How to be a Python-Django Developer | Live Webinar by GeeksforGeeks,10-20 million what about 100-200 million???
0NsBYZ0zlSI,How to be a Python-Django Developer | Live Webinar by GeeksforGeeks,Please. Anyone Give me a short message about the lecture I don't have enough data to watch the full lecture
0NsBYZ0zlSI,How to be a Python-Django Developer | Live Webinar by GeeksforGeeks,How to start on microservices with Django Framework?
0NsBYZ0zlSI,How to be a Python-Django Developer | Live Webinar by GeeksforGeeks,Mai bhi bahut din se pareshan tha python karo ya java but python he karoga thank you sir
0NsBYZ0zlSI,How to be a Python-Django Developer | Live Webinar by GeeksforGeeks,"Please send this video to the react (html lover) guy , how beautifully he explains different scenarios of using diff language"
0NsBYZ0zlSI,How to be a Python-Django Developer | Live Webinar by GeeksforGeeks,Great work
0NsBYZ0zlSI,How to be a Python-Django Developer | Live Webinar by GeeksforGeeks,Great
0NsBYZ0zlSI,How to be a Python-Django Developer | Live Webinar by GeeksforGeeks,Great
0NsBYZ0zlSI,How to be a Python-Django Developer | Live Webinar by GeeksforGeeks,This is amazing. Great work sir
0NsBYZ0zlSI,How to be a Python-Django Developer | Live Webinar by GeeksforGeeks,"Hi, actually i am fresher and want to do job in django as backend developer. So can u please guide what will be the way for get the job. What kind of projects should do for that!"
Yx9N83l-Vc8,Trek Geeks Charity Livestream for Feeding America with JONATHAN FRAKES,Very Cool!
Yx9N83l-Vc8,Trek Geeks Charity Livestream for Feeding America with JONATHAN FRAKES,Nice work!
23fjkbbvZx4,ğŸ”´ SaiKrishna &amp; Telugu Geeks Is Live ! Top Creators Live  | | Live No #19,Iam also fan of Telugu Geeks... ğŸ‘... Sandeep gaaru Thank u andi... and thanks to Saikrishna gaaru
23fjkbbvZx4,ğŸ”´ SaiKrishna &amp; Telugu Geeks Is Live ! Top Creators Live  | | Live No #19,Sandeep gari voice bagundi
23fjkbbvZx4,ğŸ”´ SaiKrishna &amp; Telugu Geeks Is Live ! Top Creators Live  | | Live No #19,I am such a great fan you Telugu Geeks
23fjkbbvZx4,ğŸ”´ SaiKrishna &amp; Telugu Geeks Is Live ! Top Creators Live  | | Live No #19,I love Telugu geeks Anna voice over kuda videos lo super vuntundi
23fjkbbvZx4,ğŸ”´ SaiKrishna &amp; Telugu Geeks Is Live ! Top Creators Live  | | Live No #19,"Do with VIKRAM ADITYA and KRANTHI VLOGGER, waiting for this"
23fjkbbvZx4,ğŸ”´ SaiKrishna &amp; Telugu Geeks Is Live ! Top Creators Live  | | Live No #19,Great Hero Sandeep in Telugu Geeks
23fjkbbvZx4,ğŸ”´ SaiKrishna &amp; Telugu Geeks Is Live ! Top Creators Live  | | Live No #19,Tq verymuch bro
23fjkbbvZx4,ğŸ”´ SaiKrishna &amp; Telugu Geeks Is Live ! Top Creators Live  | | Live No #19,à°¸à±‚à°ªà°°à±  à°¸à°¾à°°à±
23fjkbbvZx4,ğŸ”´ SaiKrishna &amp; Telugu Geeks Is Live ! Top Creators Live  | | Live No #19,Telugu geeks best
23fjkbbvZx4,ğŸ”´ SaiKrishna &amp; Telugu Geeks Is Live ! Top Creators Live  | | Live No #19,"à°¨à°¾ à°—à±à°‚à°¡à±†
à°¨à°¾ à°Šà°ªà°¿à°°à°¿
à°¨à°¾ à°§à°¯à°¿à°°à±à°¯à°‚ à°¤à±†à°²à±à°—à± geek"
23fjkbbvZx4,ğŸ”´ SaiKrishna &amp; Telugu Geeks Is Live ! Top Creators Live  | | Live No #19,Best youtuber in telugu... Telugu geeks... he is gentleman and dignified.... !
23fjkbbvZx4,ğŸ”´ SaiKrishna &amp; Telugu Geeks Is Live ! Top Creators Live  | | Live No #19,Naku e saikrishna bro baley Comedu GA untadu..navostaid chuda ganey...ğŸ¤­ğŸ˜…ğŸ˜…
23fjkbbvZx4,ğŸ”´ SaiKrishna &amp; Telugu Geeks Is Live ! Top Creators Live  | | Live No #19,"Nice Anna....gaming channels tho kuda cheyyachu kada....prasad Anna clan lo unnaru chala Mandi, lion,donglee, and unq gamer clan lo Gameboy YT, Loki,....if you don't mind please make with these people also"
23fjkbbvZx4,ğŸ”´ SaiKrishna &amp; Telugu Geeks Is Live ! Top Creators Live  | | Live No #19,I like  Telugu Geeks because life lessons in the contents. Tq both of You. Brothers
23fjkbbvZx4,ğŸ”´ SaiKrishna &amp; Telugu Geeks Is Live ! Top Creators Live  | | Live No #19,"Fn Anna 
Hope merru Kuda fn annukuntuna 
Bhayya actually nennu big fan of both..
For 1st ni Valla u tubers Oka startup ela  jarigindhi Anni telsindhi 
2 . Nka Sandeep Anna face 1st ni Valla chusaa & I m big fan too Sandeep Anna 
Anna cheppa motivation that inspires many..ppl..
Finally nuv ni tho pattu live lo information share  chesa u tubers ki nka bright future chudali Anni all the best....ğŸ¥³ğŸ¥³ğŸ¥³"
23fjkbbvZx4,ğŸ”´ SaiKrishna &amp; Telugu Geeks Is Live ! Top Creators Live  | | Live No #19,"Bro ...Telugu traveller..

Interview thisukondiii"
23fjkbbvZx4,ğŸ”´ SaiKrishna &amp; Telugu Geeks Is Live ! Top Creators Live  | | Live No #19,Thanks to telugu geeks... awesome videos
23fjkbbvZx4,ğŸ”´ SaiKrishna &amp; Telugu Geeks Is Live ! Top Creators Live  | | Live No #19,bro please also do live with filmy geeks
23fjkbbvZx4,ğŸ”´ SaiKrishna &amp; Telugu Geeks Is Live ! Top Creators Live  | | Live No #19,"Sir ,I'm new for YouTube, I'm very poor ,can I survive in this YouTube channel"
23fjkbbvZx4,ğŸ”´ SaiKrishna &amp; Telugu Geeks Is Live ! Top Creators Live  | | Live No #19,Life oorama ni interview chey bro face ippati varaku chudaledhu
23fjkbbvZx4,ğŸ”´ SaiKrishna &amp; Telugu Geeks Is Live ! Top Creators Live  | | Live No #19,I love both channels keep rocking....
23fjkbbvZx4,ğŸ”´ SaiKrishna &amp; Telugu Geeks Is Live ! Top Creators Live  | | Live No #19,Sai Krishna anna Vikram Aditya ni live ki tiskurandi
23fjkbbvZx4,ğŸ”´ SaiKrishna &amp; Telugu Geeks Is Live ! Top Creators Live  | | Live No #19,naa life 2parts telugu geeks vinakamundu vinnatarvatha .thanks bro meeru chala mandi life change chestunnaru.
23fjkbbvZx4,ğŸ”´ SaiKrishna &amp; Telugu Geeks Is Live ! Top Creators Live  | | Live No #19,Ur style good sai gaaru...I like it..
23fjkbbvZx4,ğŸ”´ SaiKrishna &amp; Telugu Geeks Is Live ! Top Creators Live  | | Live No #19,Anna mana channel quality lo number 1
23fjkbbvZx4,ğŸ”´ SaiKrishna &amp; Telugu Geeks Is Live ! Top Creators Live  | | Live No #19,this video full used my life and thanks to telugu geeks and sai bro
23fjkbbvZx4,ğŸ”´ SaiKrishna &amp; Telugu Geeks Is Live ! Top Creators Live  | | Live No #19,nice bro
23fjkbbvZx4,ğŸ”´ SaiKrishna &amp; Telugu Geeks Is Live ! Top Creators Live  | | Live No #19,Voice of Telugu creator tho eopudu bro? I'm waiting
23fjkbbvZx4,ğŸ”´ SaiKrishna &amp; Telugu Geeks Is Live ! Top Creators Live  | | Live No #19,"Super sir, I m very big fan of telugu geeks channel"
23fjkbbvZx4,ğŸ”´ SaiKrishna &amp; Telugu Geeks Is Live ! Top Creators Live  | | Live No #19,Telugu geeks fanzzâ¤
23fjkbbvZx4,ğŸ”´ SaiKrishna &amp; Telugu Geeks Is Live ! Top Creators Live  | | Live No #19,Anna Vikram Aditya live tesku Ra Anna plz
23fjkbbvZx4,ğŸ”´ SaiKrishna &amp; Telugu Geeks Is Live ! Top Creators Live  | | Live No #19,"Really, hi friends yela unnaru. .perfect . ğŸ’•ğŸ‘ŒğŸ‘ŒğŸ‘ŒğŸ‘Œ"
23fjkbbvZx4,ğŸ”´ SaiKrishna &amp; Telugu Geeks Is Live ! Top Creators Live  | | Live No #19,Telugu geeksğŸ’•ğŸ’•ğŸ’•ğŸ’•ğŸ˜ sandeep bro u r simply awsome
23fjkbbvZx4,ğŸ”´ SaiKrishna &amp; Telugu Geeks Is Live ! Top Creators Live  | | Live No #19,Telugu Greeks main highlight your voice.. inka inka vinaalani pisthundi...
23fjkbbvZx4,ğŸ”´ SaiKrishna &amp; Telugu Geeks Is Live ! Top Creators Live  | | Live No #19,Could you please help what is plan b options for software engineers..
23fjkbbvZx4,ğŸ”´ SaiKrishna &amp; Telugu Geeks Is Live ! Top Creators Live  | | Live No #19,Telugu Greeks I love most and daily I will listen daily one or 2 topics...
23fjkbbvZx4,ğŸ”´ SaiKrishna &amp; Telugu Geeks Is Live ! Top Creators Live  | | Live No #19,Telugu geeks is one of best channel in you tube. Thq u
23fjkbbvZx4,ğŸ”´ SaiKrishna &amp; Telugu Geeks Is Live ! Top Creators Live  | | Live No #19,"Sandeep Garu mainly ur voice is the big asset of  ""TELUGU GEEKS""."
23fjkbbvZx4,ğŸ”´ SaiKrishna &amp; Telugu Geeks Is Live ! Top Creators Live  | | Live No #19,Telugu geeks am big fan voice wt a lovely voice
23fjkbbvZx4,ğŸ”´ SaiKrishna &amp; Telugu Geeks Is Live ! Top Creators Live  | | Live No #19,"Sai krishna garu meku chala chala thank you chepali andi, i think telugu geeks subscribers andaru happy iroju.. ğŸ˜Š"
23fjkbbvZx4,ğŸ”´ SaiKrishna &amp; Telugu Geeks Is Live ! Top Creators Live  | | Live No #19,"I watch telugu geeks regularly, they are very inspiring and interesting.."
23fjkbbvZx4,ğŸ”´ SaiKrishna &amp; Telugu Geeks Is Live ! Top Creators Live  | | Live No #19,Me and my daughter favourite YouTube telugu geeks
23fjkbbvZx4,ğŸ”´ SaiKrishna &amp; Telugu Geeks Is Live ! Top Creators Live  | | Live No #19,Bro am big fan for your voice
23fjkbbvZx4,ğŸ”´ SaiKrishna &amp; Telugu Geeks Is Live ! Top Creators Live  | | Live No #19,I like telugu Greeks channel..I am fan of Sandeep Garu
23fjkbbvZx4,ğŸ”´ SaiKrishna &amp; Telugu Geeks Is Live ! Top Creators Live  | | Live No #19,Am à°¬à°¿à°—à± à°«à±à°¯à°¾à°¨à± à°…à°«à± sandheep bro
23fjkbbvZx4,ğŸ”´ SaiKrishna &amp; Telugu Geeks Is Live ! Top Creators Live  | | Live No #19,Telugu geeks is Most wonderful channel. I love this channel
23fjkbbvZx4,ğŸ”´ SaiKrishna &amp; Telugu Geeks Is Live ! Top Creators Live  | | Live No #19,Telugu geeks bro
23fjkbbvZx4,ğŸ”´ SaiKrishna &amp; Telugu Geeks Is Live ! Top Creators Live  | | Live No #19,Hi
23fjkbbvZx4,ğŸ”´ SaiKrishna &amp; Telugu Geeks Is Live ! Top Creators Live  | | Live No #19,Telugu geeks ..wow to see u
23fjkbbvZx4,ğŸ”´ SaiKrishna &amp; Telugu Geeks Is Live ! Top Creators Live  | | Live No #19,How can u gain this much more knowledge.... @telugu Greeks
23fjkbbvZx4,ğŸ”´ SaiKrishna &amp; Telugu Geeks Is Live ! Top Creators Live  | | Live No #19,Hi.......
23fjkbbvZx4,ğŸ”´ SaiKrishna &amp; Telugu Geeks Is Live ! Top Creators Live  | | Live No #19,Sai krishna Anna...face kanipinchetattlu videos cheayaka pothe monitization enable avvadhu antunnaru kani Sandeep annavi antha photos and videos e kadha Mari ela ?.â€¦please reply Anna.
23fjkbbvZx4,ğŸ”´ SaiKrishna &amp; Telugu Geeks Is Live ! Top Creators Live  | | Live No #19,Hai friends  ela unnaruuğŸ˜ğŸ˜ğŸ˜
23fjkbbvZx4,ğŸ”´ SaiKrishna &amp; Telugu Geeks Is Live ! Top Creators Live  | | Live No #19,I love telugu geeks
23fjkbbvZx4,ğŸ”´ SaiKrishna &amp; Telugu Geeks Is Live ! Top Creators Live  | | Live No #19,Hii bros gd mrng
23fjkbbvZx4,ğŸ”´ SaiKrishna &amp; Telugu Geeks Is Live ! Top Creators Live  | | Live No #19,"Hai à°¸à°¾à°¯à°¿ à°•à±ƒà°·à±à°£ à°—à°¾à°°à±  à°¨à±‡à°¨à± à°°à±†à°—à±à°¯à±à°²à°°à± à°®à±€ à°›à°¾à°¨à°²à± à°«à°¾à°²à±‹ à°”à°¤à±à°‚à°Ÿà°¾  à°®à±€à°°à± creaters à°•à±‹à°¸à°‚ à°šà°¾à°²à°¾à°¨à±‡ care à°¤à±€à°¸à±à°•à±à°‚à°Ÿà°¾à°°à±,  à°®à±€à°¤à±‹ à°šà±‚à°¸à°¿ à°¨à±‡à°¨à± à°•à±‚à°¡à°¾  recent à°—à°¾ à°°à±†à°¸à°¿à°ªà±€ à°›à°¾à°¨à°²à±  1à°•à±à°•à°Ÿà°¿ à°¸à±à°Ÿà°¾à°°à±à°Ÿà± à°šà±‡à°¶à°¾  à°®à±€ à°…à°²à°¾à°—à±‡  telugu Geeks à°šà°¾à°² à°®à°‚à°šà°¿ inspatarion à°µà±€à°¡à°¿à°¯à±‹à°¸à± chestuntaru  à°¤à°¨à°¨à°¿ à°«à°¾à°²à±‹ à°”à°¤à±à°‚à°Ÿà°¾  à°šà°¾à°²à°¾à°®à°‚à°¦à°¿ à°°à±†à°µà±†à°¨à±à°¯à±‚ à°®à±€à°¦à±‡ Concentration à°šà±‡à°¸à±à°¤à°¾à°°à± à°¬à°Ÿà± à°®à±€ à°µà°¿à°·à°¯à°‚à°²à±‹ à°…à°¦à°¿ à°²à±‡à°¦à± à°…à°¨à°¿à°ªà°¿à°¸à±à°¤à±à°‚à°¦à°¿  nice, à°¨à°¿à°œà°¾à°¨à°¿à°•à°¿ à°®à°¨à°‚ à°‡à°‚à°¤à°•à°®à±à°‚à°¦à± à°’à°•à±à°•à°¸à°¾à°°à°¿ whatsapp  à°²à±‹ à°•à°²à°¿à°¸à°¾à°‚ à°’à°• à°ªà°¾à°ªà°¾ health à°µà°¿à°·à°¯à°‚à°²à±‹ great human being also"
23fjkbbvZx4,ğŸ”´ SaiKrishna &amp; Telugu Geeks Is Live ! Top Creators Live  | | Live No #19,Hii friends Ela unnaru hii hii Sandeep annaya yala unnaru
23fjkbbvZx4,ğŸ”´ SaiKrishna &amp; Telugu Geeks Is Live ! Top Creators Live  | | Live No #19,Yes bro you 1000% correct  chyapava bro
23fjkbbvZx4,ğŸ”´ SaiKrishna &amp; Telugu Geeks Is Live ! Top Creators Live  | | Live No #19,Anti comedys chestunnaraa
23fjkbbvZx4,ğŸ”´ SaiKrishna &amp; Telugu Geeks Is Live ! Top Creators Live  | | Live No #19,Telugu Greeks in world the best content
23fjkbbvZx4,ğŸ”´ SaiKrishna &amp; Telugu Geeks Is Live ! Top Creators Live  | | Live No #19,Video ekkadaa browing gaaa ledu
23fjkbbvZx4,ğŸ”´ SaiKrishna &amp; Telugu Geeks Is Live ! Top Creators Live  | | Live No #19,Sandeep ji meeru chaaala cool person real ga elanea vundaali ğŸ˜ âœŒï¸
23fjkbbvZx4,ğŸ”´ SaiKrishna &amp; Telugu Geeks Is Live ! Top Creators Live  | | Live No #19,Best of luck sai Krishna  Telugu geeks
23fjkbbvZx4,ğŸ”´ SaiKrishna &amp; Telugu Geeks Is Live ! Top Creators Live  | | Live No #19,Sandeep bro me brotherni okasari chupienchandi
23fjkbbvZx4,ğŸ”´ SaiKrishna &amp; Telugu Geeks Is Live ! Top Creators Live  | | Live No #19,Hi
23fjkbbvZx4,ğŸ”´ SaiKrishna &amp; Telugu Geeks Is Live ! Top Creators Live  | | Live No #19,Bro I miss the live bro sudden pettaru .....ğŸ˜”ğŸ˜”
23fjkbbvZx4,ğŸ”´ SaiKrishna &amp; Telugu Geeks Is Live ! Top Creators Live  | | Live No #19,à°¸à°‚à°¦à±€à°ªà± à°…à°¨à±à°¨à°¾... à°¨à±‡à°¨à± à°®à±€ à°à°•à°²à°µà±à°¯ à°¶à°¿à°·à±à°¯à±à°¡à°¿à°¨à°¿...
23fjkbbvZx4,ğŸ”´ SaiKrishna &amp; Telugu Geeks Is Live ! Top Creators Live  | | Live No #19,Anna video scrb lo telugu ala type chayyali
23fjkbbvZx4,ğŸ”´ SaiKrishna &amp; Telugu Geeks Is Live ! Top Creators Live  | | Live No #19,Please promote technical Gudachari
23fjkbbvZx4,ğŸ”´ SaiKrishna &amp; Telugu Geeks Is Live ! Top Creators Live  | | Live No #19,"Hi anna my name is Sandeep
Please promote technical Gudachari channel"
23fjkbbvZx4,ğŸ”´ SaiKrishna &amp; Telugu Geeks Is Live ! Top Creators Live  | | Live No #19,Why you have not created à°† vedio on Carona?
23fjkbbvZx4,ğŸ”´ SaiKrishna &amp; Telugu Geeks Is Live ! Top Creators Live  | | Live No #19,Hai telugu geeks annaya i love your voice
23fjkbbvZx4,ğŸ”´ SaiKrishna &amp; Telugu Geeks Is Live ! Top Creators Live  | | Live No #19,I am Big fan of Telugu Geeks...ğŸ’—ğŸ’—
23fjkbbvZx4,ğŸ”´ SaiKrishna &amp; Telugu Geeks Is Live ! Top Creators Live  | | Live No #19,"Hi anna how r u
I really love ur channel anna"
23fjkbbvZx4,ğŸ”´ SaiKrishna &amp; Telugu Geeks Is Live ! Top Creators Live  | | Live No #19,hi bro i started a new youtube channel bro i need your help can you plz help me bro
23fjkbbvZx4,ğŸ”´ SaiKrishna &amp; Telugu Geeks Is Live ! Top Creators Live  | | Live No #19,Telugu Greeks info geeks filmy geeks are wonderful channels Anna ğŸ¤© lv u
23fjkbbvZx4,ğŸ”´ SaiKrishna &amp; Telugu Geeks Is Live ! Top Creators Live  | | Live No #19,Hiiii annnaya
23fjkbbvZx4,ğŸ”´ SaiKrishna &amp; Telugu Geeks Is Live ! Top Creators Live  | | Live No #19,sandeep gaari voice exsalent andi
23fjkbbvZx4,ğŸ”´ SaiKrishna &amp; Telugu Geeks Is Live ! Top Creators Live  | | Live No #19,Hi anna
23fjkbbvZx4,ğŸ”´ SaiKrishna &amp; Telugu Geeks Is Live ! Top Creators Live  | | Live No #19,451 like
23fjkbbvZx4,ğŸ”´ SaiKrishna &amp; Telugu Geeks Is Live ! Top Creators Live  | | Live No #19,"Sir,i am vamsi 
New youtuber ,but  my videos bell icon disable anna.what do"
23fjkbbvZx4,ğŸ”´ SaiKrishna &amp; Telugu Geeks Is Live ! Top Creators Live  | | Live No #19,Good to see you Sandeep bro
23fjkbbvZx4,ğŸ”´ SaiKrishna &amp; Telugu Geeks Is Live ! Top Creators Live  | | Live No #19,Money gurunchi cheyandi sandeep anna please ğŸ™ğŸ™ğŸ™ğŸ™ğŸ™ğŸ™
23fjkbbvZx4,ğŸ”´ SaiKrishna &amp; Telugu Geeks Is Live ! Top Creators Live  | | Live No #19,Hai
23fjkbbvZx4,ğŸ”´ SaiKrishna &amp; Telugu Geeks Is Live ! Top Creators Live  | | Live No #19,Hi friends ela unnavru
23fjkbbvZx4,ğŸ”´ SaiKrishna &amp; Telugu Geeks Is Live ! Top Creators Live  | | Live No #19,We just love you both
23fjkbbvZx4,ğŸ”´ SaiKrishna &amp; Telugu Geeks Is Live ! Top Creators Live  | | Live No #19,We listen your voice
23fjkbbvZx4,ğŸ”´ SaiKrishna &amp; Telugu Geeks Is Live ! Top Creators Live  | | Live No #19,Everything g is good go for..
23fjkbbvZx4,ğŸ”´ SaiKrishna &amp; Telugu Geeks Is Live ! Top Creators Live  | | Live No #19,Bro how you did thus type of live
23fjkbbvZx4,ğŸ”´ SaiKrishna &amp; Telugu Geeks Is Live ! Top Creators Live  | | Live No #19,Telugu geeks best youtube chanel in telugu sai krishna chanel me ideas bagundi bro
23fjkbbvZx4,ğŸ”´ SaiKrishna &amp; Telugu Geeks Is Live ! Top Creators Live  | | Live No #19,Ee collaboration live series cheyyandi... Prathi YouTube creators ... Tho
23fjkbbvZx4,ğŸ”´ SaiKrishna &amp; Telugu Geeks Is Live ! Top Creators Live  | | Live No #19,Telugu geeks ki likes
23fjkbbvZx4,ğŸ”´ SaiKrishna &amp; Telugu Geeks Is Live ! Top Creators Live  | | Live No #19,Law of attraction annadi nijama
23fjkbbvZx4,ğŸ”´ SaiKrishna &amp; Telugu Geeks Is Live ! Top Creators Live  | | Live No #19,Hi friends ela unnaruu
23fjkbbvZx4,ğŸ”´ SaiKrishna &amp; Telugu Geeks Is Live ! Top Creators Live  | | Live No #19,Hi Sandeep
23fjkbbvZx4,ğŸ”´ SaiKrishna &amp; Telugu Geeks Is Live ! Top Creators Live  | | Live No #19,Telugu geeks
23fjkbbvZx4,ğŸ”´ SaiKrishna &amp; Telugu Geeks Is Live ! Top Creators Live  | | Live No #19,Sai Krishna garuğŸ™
23fjkbbvZx4,ğŸ”´ SaiKrishna &amp; Telugu Geeks Is Live ! Top Creators Live  | | Live No #19,Hlo
23fjkbbvZx4,ğŸ”´ SaiKrishna &amp; Telugu Geeks Is Live ! Top Creators Live  | | Live No #19,Hii
23fjkbbvZx4,ğŸ”´ SaiKrishna &amp; Telugu Geeks Is Live ! Top Creators Live  | | Live No #19,Telugu geeks fan hit like
23fjkbbvZx4,ğŸ”´ SaiKrishna &amp; Telugu Geeks Is Live ! Top Creators Live  | | Live No #19,"Voice of telugu channel yevaridhi ?
Evarikina telusa ğŸ˜"
23fjkbbvZx4,ğŸ”´ SaiKrishna &amp; Telugu Geeks Is Live ! Top Creators Live  | | Live No #19,Bro please Arun Surya Teja also
23fjkbbvZx4,ğŸ”´ SaiKrishna &amp; Telugu Geeks Is Live ! Top Creators Live  | | Live No #19,Hi Brother.....
23fjkbbvZx4,ğŸ”´ SaiKrishna &amp; Telugu Geeks Is Live ! Top Creators Live  | | Live No #19,Please say how to create stories in mobile as like as system
23fjkbbvZx4,ğŸ”´ SaiKrishna &amp; Telugu Geeks Is Live ! Top Creators Live  | | Live No #19,"Hi this is satheesh from USA, Sai garu initially me few videos chusaka anta abhiprayam raledu, enduku ante mana human ego acceptance cheyyadu twaraga konnisarlu...kani slow ga I keep liking your videos...
This Video is really helpful ğŸ˜„ğŸ˜„ğŸ˜„keep rocking bro"
23fjkbbvZx4,ğŸ”´ SaiKrishna &amp; Telugu Geeks Is Live ! Top Creators Live  | | Live No #19,Show video setup
23fjkbbvZx4,ğŸ”´ SaiKrishna &amp; Telugu Geeks Is Live ! Top Creators Live  | | Live No #19,How to make made interview setup
23fjkbbvZx4,ğŸ”´ SaiKrishna &amp; Telugu Geeks Is Live ! Top Creators Live  | | Live No #19,à°‡à°²à°¾ à°’à°• à°¸à°•à±à°¸à±†à°¸à± à°«à±à°²à± à°•à±à°°à°¿à°¯à±‡à°Ÿà°°à± à°²à°¤à±‹ à°•à°²à°¿à°¸à°¿ à°²à±ˆà°µà± à°•à°‚à°¡à°•à±à°Ÿà± à°šà±‡à°¯à°¡à°‚ à°šà°¾à°²à°¾ à°¬à°¾à°—à±à°‚à°¦à°¿ à°¬à±à°°à°¦à°°à±. à°šà°¾à°²à°¾ useful à°—à°¾ à°•à±‚à°¡à°¾ à°‰à°‚à°¦à°¿.
23fjkbbvZx4,ğŸ”´ SaiKrishna &amp; Telugu Geeks Is Live ! Top Creators Live  | | Live No #19,*Super Brothers*
23fjkbbvZx4,ğŸ”´ SaiKrishna &amp; Telugu Geeks Is Live ! Top Creators Live  | | Live No #19,Hai sai krishana garu nenu 1week back jaanu oruganti channel start chesanu
23fjkbbvZx4,ğŸ”´ SaiKrishna &amp; Telugu Geeks Is Live ! Top Creators Live  | | Live No #19,Suspended Ayyina Channel Thirigi Vosthundaa
23fjkbbvZx4,ğŸ”´ SaiKrishna &amp; Telugu Geeks Is Live ! Top Creators Live  | | Live No #19,Hiiiii
23fjkbbvZx4,ğŸ”´ SaiKrishna &amp; Telugu Geeks Is Live ! Top Creators Live  | | Live No #19,Hi
23fjkbbvZx4,ğŸ”´ SaiKrishna &amp; Telugu Geeks Is Live ! Top Creators Live  | | Live No #19,"Anna,my friend channel lo athani videos athane chuskuntadu aiena monitization enable aiendhi anukuni please reply Anna..."
23fjkbbvZx4,ğŸ”´ SaiKrishna &amp; Telugu Geeks Is Live ! Top Creators Live  | | Live No #19,*Anna do one video with prasadtechintelugu*
23fjkbbvZx4,ğŸ”´ SaiKrishna &amp; Telugu Geeks Is Live ! Top Creators Live  | | Live No #19,"Sai Krishna Garu, this is one of the best lives(from your channel) I have seen not just coz of the guest over there.  But the way you asked him the questions are really really very useful and gave excellent insight into how a small idea can be nurtured and developed with hard work and dedication"
23fjkbbvZx4,ğŸ”´ SaiKrishna &amp; Telugu Geeks Is Live ! Top Creators Live  | | Live No #19,Hiii bro I'm big fan of you please support my Chanel bro
23fjkbbvZx4,ğŸ”´ SaiKrishna &amp; Telugu Geeks Is Live ! Top Creators Live  | | Live No #19,à°®à°¾à°°à±à°¨à°¿à°‚à°—à±  6 or at-least 7 à°²à±‡à°µà°¡à°‚ à°…à°¨à±‡à°¦à°¿  à°šà°¾à°² à°šà°¾à°² à°®à°‚à°šà°¿ practical tip. à°®à°¨ brain and mood à°šà°¾à°² à°«à±à°°à±†à°·à± à°—à°¾  à°‰à°‚à°Ÿà±à°‚à°¦à°¿
23fjkbbvZx4,ğŸ”´ SaiKrishna &amp; Telugu Geeks Is Live ! Top Creators Live  | | Live No #19,"Anna camera, laptops,entalo parchess à°šà±†à°¯à±à°¯à°¾à°²à°¿"
23fjkbbvZx4,ğŸ”´ SaiKrishna &amp; Telugu Geeks Is Live ! Top Creators Live  | | Live No #19,Sundheep bro meee bro Ela vunnaru ?
23fjkbbvZx4,ğŸ”´ SaiKrishna &amp; Telugu Geeks Is Live ! Top Creators Live  | | Live No #19,Hi
23fjkbbvZx4,ğŸ”´ SaiKrishna &amp; Telugu Geeks Is Live ! Top Creators Live  | | Live No #19,Bro chala chala chala manchi live bro
23fjkbbvZx4,ğŸ”´ SaiKrishna &amp; Telugu Geeks Is Live ! Top Creators Live  | | Live No #19,Two Best youtubers on  one screenğŸ˜ğŸ˜
23fjkbbvZx4,ğŸ”´ SaiKrishna &amp; Telugu Geeks Is Live ! Top Creators Live  | | Live No #19,annna audio quality chala low ga undi next time konchem ee problem ni adjust cheyara
23fjkbbvZx4,ğŸ”´ SaiKrishna &amp; Telugu Geeks Is Live ! Top Creators Live  | | Live No #19,Share market ki Prostocks brokerage tisukovacha???
23fjkbbvZx4,ğŸ”´ SaiKrishna &amp; Telugu Geeks Is Live ! Top Creators Live  | | Live No #19,Anna telugu geek lo voice chepthunte video ply avuthundi which soft ware anna adi plz reply anna
23fjkbbvZx4,ğŸ”´ SaiKrishna &amp; Telugu Geeks Is Live ! Top Creators Live  | | Live No #19,Hii brother
23fjkbbvZx4,ğŸ”´ SaiKrishna &amp; Telugu Geeks Is Live ! Top Creators Live  | | Live No #19,Bro  I miss the live .Ila sudden GA live cheste ela bro.atlist community lo message cheyandi bro
23fjkbbvZx4,ğŸ”´ SaiKrishna &amp; Telugu Geeks Is Live ! Top Creators Live  | | Live No #19,20k lo oka manchi ph chepara
23fjkbbvZx4,ğŸ”´ SaiKrishna &amp; Telugu Geeks Is Live ! Top Creators Live  | | Live No #19,bro i love both of you bro
cpicdUDcN0c,IIÂª EdiÃ§Ã£o GEEKS d&#39;OURO - Os Vencedores,"ParabÃ©ns! Excelente vÃ­deo, com uma produÃ§Ã£o muito boa. ParabÃ©ns ao Orlando pelo prÃªmio e tambÃ©m a MEBO. Para todos os que compÃµem o CafÃ© mais Geek um forte abraÃ§o."
ceQu7fFMmg4,SzÃ¼linapi Charity Monopoly a Beagle-Ã¶kÃ©rt | 3 Ã©ves a Fun With Geeks!,"AmÃºgy a huszonegy egy nagyon egyszerÅ± matematikai jÃ¡tÃ©k amit Ãºgy tudsz megnyerni ha te kezdesz Ã©s 2-t mondasz, aztÃ¡n 5-Ã¶t, aztÃ¡n 9-et, aztÃ¡n tizenhÃ¡rmat, aztÃ¡n 17-et, aztÃ¡n 21-et."
ceQu7fFMmg4,SzÃ¼linapi Charity Monopoly a Beagle-Ã¶kÃ©rt | 3 Ã©ves a Fun With Geeks!,25:49 donate felolvasÃ¡s vÃ©ge
ceQu7fFMmg4,SzÃ¼linapi Charity Monopoly a Beagle-Ã¶kÃ©rt | 3 Ã©ves a Fun With Geeks!,"32:45 Kaci feje XD

AmÃºgy srÃ¡cok egy tipp!A felsÅ‘ kiskamerÃ¡ra kÃ©rnÃ©nk egy fekete keretet hogy elkÃ¼lÃ¶nÃ¼ljÃ¶n!"
ceQu7fFMmg4,SzÃ¼linapi Charity Monopoly a Beagle-Ã¶kÃ©rt | 3 Ã©ves a Fun With Geeks!,1:19:34 6+5=9 . Gondolom a Kacipolyban ez a nettÃ³ Ã¶sszeg :D
ceQu7fFMmg4,SzÃ¼linapi Charity Monopoly a Beagle-Ã¶kÃ©rt | 3 Ã©ves a Fun With Geeks!,"Ha valamire nem talÃ¡l szavakat, az azt jelenti hogy nem is keresğŸ˜‚ğŸ˜‚"
ceQu7fFMmg4,SzÃ¼linapi Charity Monopoly a Beagle-Ã¶kÃ©rt | 3 Ã©ves a Fun With Geeks!,"hali, Ã©n jÃ³kat nevettem :D kÃ¶szi Ã©n is utÃ¡lom a monopilit! De a KaciPolit Ã©lnÃ©m, van nÃ©hÃ¡ny haverom akik elÃ©g elborultal ehez! :D Na de ami fontosabb: Liliom GÃ¡bor rajzai tÃ©nyleg fantasztikusak. Erre a videÃ³ra elkÃ©szÃ­tett Grafika zseniÃ¡lis, nem esett le azonnal de mÃ¡r lÃ¡tom! daev mint John Wick hatalmas! de Kacin kifakadtam, Å‘ mint Bowler King ParÃ¡dÃ©s!!!!!!!!!"
ceQu7fFMmg4,SzÃ¼linapi Charity Monopoly a Beagle-Ã¶kÃ©rt | 3 Ã©ves a Fun With Geeks!,1:17:38 Bocsi Viki ezt Ã©n Ã­rtam ğŸ˜…ğŸ˜Š
ceQu7fFMmg4,SzÃ¼linapi Charity Monopoly a Beagle-Ã¶kÃ©rt | 3 Ã©ves a Fun With Geeks!,"Nah, sajnos nem tudtam jelen lenni, de utÃ³lag pÃ³toltam. De Ã­gy is kÃ¶nnyesre rÃ¶hÃ¶gtem magam, kÃ¶szÃ¶nÃ¶m :D"
ceQu7fFMmg4,SzÃ¼linapi Charity Monopoly a Beagle-Ã¶kÃ©rt | 3 Ã©ves a Fun With Geeks!,"Hmmm... Vannak jÃ³ Ã¶tletek... Kicsit kÃ¶tÃ¶ttebb szabÃ¡lyrendszerrel, nÃ©mi jÃ¡tÃ©kmechanizmus kiegÃ©szÃ­tÃ©ssel lehetne egy kiadhatÃ³ jÃ¡tÃ©kot csinÃ¡lni belÅ‘le..."
ceQu7fFMmg4,SzÃ¼linapi Charity Monopoly a Beagle-Ã¶kÃ©rt | 3 Ã©ves a Fun With Geeks!,Ã‰n csinÃ¡ltam egy Sirius figurÃ¡t is... Azzal mi lett?
ceQu7fFMmg4,SzÃ¼linapi Charity Monopoly a Beagle-Ã¶kÃ©rt | 3 Ã©ves a Fun With Geeks!,"Kellett volna egy ""ha a vÃ¶rÃ¶svezÃ©r jÃ¡tszik akkor Å‘ nyert"" kÃ¡rtya"
ceQu7fFMmg4,SzÃ¼linapi Charity Monopoly a Beagle-Ã¶kÃ©rt | 3 Ã©ves a Fun With Geeks!,angol dolgokhoz nem Ã­rta senki  a BEAGLE-t?
ceQu7fFMmg4,SzÃ¼linapi Charity Monopoly a Beagle-Ã¶kÃ©rt | 3 Ã©ves a Fun With Geeks!,Most akkor a plakÃ¡tot mikor Ã©s hol sorsoljÃ¡k ki? ğŸ¤”
ceQu7fFMmg4,SzÃ¼linapi Charity Monopoly a Beagle-Ã¶kÃ©rt | 3 Ã©ves a Fun With Geeks!,KezdÃ©s 6:53
OznIUgNIxuY,"Fun With Geeks Live | Munchkin (Julcsi, Kaci, Csirke)","Csirke az picit uncsi hozzÃ¡tok kÃ©pest de azÃ©rt fainâ¤ğŸ˜ Ã©s zavarÃ³, hogy mennyire szabÃ¡lytalanul jÃ¡tszÃ¡tok a jÃ¡tÃ©kotğŸ˜›ğŸ˜›
Csata kÃ¶zben nem lehet tÃ¡rgyakat lerakni.
CserÃ©lni csak mÃ¡r jÃ¡tÃ©kban lÃ©vÅ‘ lapokat lehet. KÃ©zbÅ‘l nem.
Ã‰s a dobott lapokat nem adtÃ¡tok a leggyengÃ©bb jÃ¡tÃ©kosnakğŸ˜›"
OznIUgNIxuY,"Fun With Geeks Live | Munchkin (Julcsi, Kaci, Csirke)",ilyet online is lehet jÃ¡tszani?
OznIUgNIxuY,"Fun With Geeks Live | Munchkin (Julcsi, Kaci, Csirke)",A Kazamata zamata c. kiegÃ©szÃ­tÅ‘vel nem jÃ¡tszotok egyet? :)
OznIUgNIxuY,"Fun With Geeks Live | Munchkin (Julcsi, Kaci, Csirke)",#KaciCsal 31:08
OznIUgNIxuY,"Fun With Geeks Live | Munchkin (Julcsi, Kaci, Csirke)","Kaci 49percnÃ©l: Ez van, ha nem csal az ember :D"
OznIUgNIxuY,"Fun With Geeks Live | Munchkin (Julcsi, Kaci, Csirke)","GG Kaci, csak Deav-et nem lÃ¡ttam csalni rajtad kÃ­vÃ¼l Ã©s ezt is Ãºjra nÃ©ztem mert nincs tartalom! :("
OznIUgNIxuY,"Fun With Geeks Live | Munchkin (Julcsi, Kaci, Csirke)",Az s a nyÃ¶gÃ©s a vÃ©gÃ©re kell xD
OznIUgNIxuY,"Fun With Geeks Live | Munchkin (Julcsi, Kaci, Csirke)",De daev nyert mert ork volt Ã©s tÃ¶bbszÃ¶r is tÃ¶bb mint 10-zel nyert
OznIUgNIxuY,"Fun With Geeks Live | Munchkin (Julcsi, Kaci, Csirke)","45:10 ne haragudj de az nem nehÃ©z :D 
""Ã©s aktor provokÃ¡ciÃ³ nÃ©lkÃ¼l a jÃ¡tÃ©kos dob egy cuccot b jÃ¡tÃ©kos meghal a segÃ­tÅ‘d."" engem az lep meg mÃ©rt nem fogtak Ã¶ssze korÃ¡bban :D"
OznIUgNIxuY,"Fun With Geeks Live | Munchkin (Julcsi, Kaci, Csirke)",Buta kÃ©rdÃ©s de milyen fajta a kutyu$?
OznIUgNIxuY,"Fun With Geeks Live | Munchkin (Julcsi, Kaci, Csirke)",1:14:13-tÃ³l nÃ©zzÃ©tek lassÃ­tva xD
OznIUgNIxuY,"Fun With Geeks Live | Munchkin (Julcsi, Kaci, Csirke)",BLACK SABBATH!!!!
OznIUgNIxuY,"Fun With Geeks Live | Munchkin (Julcsi, Kaci, Csirke)",Dave elcsesztÃ©l 2szintetğŸ˜­
OznIUgNIxuY,"Fun With Geeks Live | Munchkin (Julcsi, Kaci, Csirke)",Melyik kiegÃ©szÃ­tÅ‘kkel jÃ¡tszotok? Ã–sszesen kb mennyi lap van Ã­gy Ã¶sszesen a csomagban?
OznIUgNIxuY,"Fun With Geeks Live | Munchkin (Julcsi, Kaci, Csirke)",Stop Stop srÃ¡cok az elejÃ©n daev nem lÃ©pett szintet a csatlÃ³sÃ¶lÃ©s miatt Ãºgyhogy daev nyert
OznIUgNIxuY,"Fun With Geeks Live | Munchkin (Julcsi, Kaci, Csirke)","Sziasztok! Van rÃ¡ esÃ©ly,  hogy lesz a jÃ¶vÅ‘ben The Resistance: Avalon is terÃ­tÃ©ken? :)"
OznIUgNIxuY,"Fun With Geeks Live | Munchkin (Julcsi, Kaci, Csirke)","Daev tudtad hogy: #teamDaev + #teamJulcsi = #teamhÃ¡zaspÃ¡r.
(remÃ©lem a chaten majd ez is menni fog)"
OznIUgNIxuY,"Fun With Geeks Live | Munchkin (Julcsi, Kaci, Csirke)",32:51 nÃ©l elszÃ¡ll egy lepke
OznIUgNIxuY,"Fun With Geeks Live | Munchkin (Julcsi, Kaci, Csirke)",Daev vettem Ã©n is egy Munchkint nem rÃ©g Ã©s azt Ã­rja a szabÃ¡ly hogyha valaki Ã‰lÅ‘holt lÃ©ny ellen kÃ¼zd Ã©s vkinek van a kezÃ©ben egy Ã©lÅ‘holt azt csÃ¡szkÃ¡lÃ³ szÃ¶rny nÃ©lkÃ¼l is oda teheti mellÃ© pluisz egy ellenfÃ©lnek
OznIUgNIxuY,"Fun With Geeks Live | Munchkin (Julcsi, Kaci, Csirke)",#kaciwins(demÃ©ghogy)
OznIUgNIxuY,"Fun With Geeks Live | Munchkin (Julcsi, Kaci, Csirke)","Ha legkÃ¶zelebb jÃ¡tszotok Cards Against Humanity-vel, akkor ezt a kÃ©rdÃ©st is beleteszitek?
,,SrÃ¡cok, nÃ©zzÃ©tek! Ott van BLANK!"" (pl. a BLANK-re: ErzsÃ©bet kirÃ¡lynÅ‘ makulÃ¡tlan Ã¡nusza, vagy a hosszÃº hajÃº rockersrÃ¡c, akinek nem tudom a nevÃ©t.) XD
Ha lehet, ne a nevemet mondd be a kÃ©rdÃ©snÃ©l, hanem azt, hogy egy kedves nÃ©zÅ‘d kÃ¼ldte."
OznIUgNIxuY,"Fun With Geeks Live | Munchkin (Julcsi, Kaci, Csirke)",Milyen mikrofont hasznÃ¡l Daev?? KÃ¶szi elÅ‘re is a vÃ¡laszt :D
OznIUgNIxuY,"Fun With Geeks Live | Munchkin (Julcsi, Kaci, Csirke)","Ha az Ã¼zletben akartok vÃ¡sÃ¡rolni, ahhoz hogy a Fun With Geeks kedvezmÃ©nyt megkapjÃ¡tok a titkos kÃ©zfogÃ¡ssal kell kÃ¶szÃ¶nni! :D"
OznIUgNIxuY,"Fun With Geeks Live | Munchkin (Julcsi, Kaci, Csirke)","mi vagyunk a kacicÃ¡k, csalunk de a nyerÃ©sÃ¼nk utÃ¡n elmondjuk azt hogy mikor is csaltunt az adott tÃ¡rsasban :D"
OznIUgNIxuY,"Fun With Geeks Live | Munchkin (Julcsi, Kaci, Csirke)",KezdÃ©s: 2:31
OznIUgNIxuY,"Fun With Geeks Live | Munchkin (Julcsi, Kaci, Csirke)",#kacicsal
OznIUgNIxuY,"Fun With Geeks Live | Munchkin (Julcsi, Kaci, Csirke)",#teamjulia :D hajrÃ¡!
OznIUgNIxuY,"Fun With Geeks Live | Munchkin (Julcsi, Kaci, Csirke)","playmeth... XDDD JÃ³ cucc, kÃ¶szÃ¶njÃ¼k a videÃ³t :D"
OznIUgNIxuY,"Fun With Geeks Live | Munchkin (Julcsi, Kaci, Csirke)",Kaci hogy szÃ©tcsalta. :'D SÃ­rok.
OznIUgNIxuY,"Fun With Geeks Live | Munchkin (Julcsi, Kaci, Csirke)",23:19 Kaci csal
OznIUgNIxuY,"Fun With Geeks Live | Munchkin (Julcsi, Kaci, Csirke)","KezdÃ©s: 2:31

4:38 Ez nem Ã©r! Daev szabotÃ¡lja azt, hogy Kacira figyeljek. Micsoda egy aljas hÃºzÃ¡s ez?! :D"
OznIUgNIxuY,"Fun With Geeks Live | Munchkin (Julcsi, Kaci, Csirke)",#teamkaci
OznIUgNIxuY,"Fun With Geeks Live | Munchkin (Julcsi, Kaci, Csirke)","Szerezzetek be Ã¼vegasztalt, akkor lÃ¡tszik ha Kaci csal :P"
OznIUgNIxuY,"Fun With Geeks Live | Munchkin (Julcsi, Kaci, Csirke)",Emberek ez hatalmas Kaci nagy arc :P
OznIUgNIxuY,"Fun With Geeks Live | Munchkin (Julcsi, Kaci, Csirke)",Annyira lehet lÃ¡tni Ã­gy utÃ³lag hogy kaci csal Ã¡Ã¡Ã¡!!!!! 28:30 utÃ¡n 3 lapot hÃºzott elÅ‘ az asztal alÃ³l ğŸ˜‚ğŸ˜‚ğŸ˜‚
OznIUgNIxuY,"Fun With Geeks Live | Munchkin (Julcsi, Kaci, Csirke)",Daev moat megyek megvenni csak annyit mondj hogy ez a rÃ©sze vagy a mÃ¡aik a jobb?
OznIUgNIxuY,"Fun With Geeks Live | Munchkin (Julcsi, Kaci, Csirke)","Kaci dominÃ¡l a mostani Ã©vadban. :D MÃ©g ha csalÃ¡sokkal is, de dominÃ¡l. :D"
OznIUgNIxuY,"Fun With Geeks Live | Munchkin (Julcsi, Kaci, Csirke)","Ezt a jÃ¡tÃ©kot Kaci nyerte, ha tetszik ha nem! Csalni is tudni kell Ã©s Å‘ Ã¼gyesen feltÅ±nÃ©s mentessen nyert! :D Gratula! :)"
OznIUgNIxuY,"Fun With Geeks Live | Munchkin (Julcsi, Kaci, Csirke)",Egyre jobb ez a Kaci #teamwithgeeks
OznIUgNIxuY,"Fun With Geeks Live | Munchkin (Julcsi, Kaci, Csirke)",Legyen mÃ©g sok munchkin ez a kedvencemğŸ˜
OznIUgNIxuY,"Fun With Geeks Live | Munchkin (Julcsi, Kaci, Csirke)",szakÃ¡ll forever :)
OznIUgNIxuY,"Fun With Geeks Live | Munchkin (Julcsi, Kaci, Csirke)",HOTEL-lel fogtok valamikor jÃ¡tszani? szerintem egÃ©sz vicces kis stream-ek keletkeznÃ©nek:D Mi valamelyik nap jÃ¡tszottunk Ã©s bebizonyosodott szÃ¡momra hogy a president nem minden anÃ©lkÃ¼l is meg lehet nyerni ğŸ˜‚ amÃºgy csak pÃ¡rszor vÃ¡gtÃ¡k a fejemnek a dobÃ³kockÃ¡t a nÅ‘vÃ©remnek... szerintem mÃ¡r nem is lÃ¡tszik a kockanyom a homlokomonxdd ğŸ‘ğŸ‘ŒğŸ˜‚
OznIUgNIxuY,"Fun With Geeks Live | Munchkin (Julcsi, Kaci, Csirke)",#ImAKacica
OznIUgNIxuY,"Fun With Geeks Live | Munchkin (Julcsi, Kaci, Csirke)","Legjobb csatorna ever :D Nagyon kÃ¶szÃ¶nÃ¶m, ezt valaha is elkezdtÃ©tek, egyik csatornÃ¡n sem szÃ³rakoztam ilyen jÃ³l, rengeteget lehet rÃ¶hÃ¶gni, Ã©s a rÃ©gebbiek mÃ©g az inside joke-okon is jÃ³t kacagnak :D SzerencsÃ©re ezek kÃ¶zÃ© tartozom :) HajrÃ¡ Daev, csak Ã­gy tovÃ¡bb :D #KacicÃ¡k #TeamNemdaev #KaciCsal :D"
OznIUgNIxuY,"Fun With Geeks Live | Munchkin (Julcsi, Kaci, Csirke)","Julcsi: Szerintem akkor pap leszek!
(A tÃ¶rvÃ©ny azt Ã­rja, hogy egy nÅ‘ nem lehet pap.) XD"
OznIUgNIxuY,"Fun With Geeks Live | Munchkin (Julcsi, Kaci, Csirke)",ImÃ¡dom Kacit :D
OznIUgNIxuY,"Fun With Geeks Live | Munchkin (Julcsi, Kaci, Csirke)",Daev csal
OznIUgNIxuY,"Fun With Geeks Live | Munchkin (Julcsi, Kaci, Csirke)",szÃ©p volt kaci szÃ©p volt kaci :D
OznIUgNIxuY,"Fun With Geeks Live | Munchkin (Julcsi, Kaci, Csirke)",2:32 KezdÃ©s! :D
OznIUgNIxuY,"Fun With Geeks Live | Munchkin (Julcsi, Kaci, Csirke)",#DaevfosikJulcsitÃ³l :D
OznIUgNIxuY,"Fun With Geeks Live | Munchkin (Julcsi, Kaci, Csirke)",32:51 egy lepke elsuhan a kamera elÅ‘tt.
OznIUgNIxuY,"Fun With Geeks Live | Munchkin (Julcsi, Kaci, Csirke)",Skacok kerlek ENDRET hozzatok vissza munchkinozni ğŸ¤ğŸ¤ğŸ¤â¤
OznIUgNIxuY,"Fun With Geeks Live | Munchkin (Julcsi, Kaci, Csirke)",#LoveKaci
OznIUgNIxuY,"Fun With Geeks Live | Munchkin (Julcsi, Kaci, Csirke)",kaci neve andrÃ¡s?
OznIUgNIxuY,"Fun With Geeks Live | Munchkin (Julcsi, Kaci, Csirke)","Daev egy kÃ©rdÃ©s,mivel vasÃ¡rnap fogok Ã©n is Munchkinezni.. ha valaki elf,Ã©s segÃ­t egy olyan szÃ¶rnyben,amelyik 2 szintet ad,akkor az elf is 2 szintet lÃ©p vagy csak egyet? :D"
OznIUgNIxuY,"Fun With Geeks Live | Munchkin (Julcsi, Kaci, Csirke)",#kacieasywin
OznIUgNIxuY,"Fun With Geeks Live | Munchkin (Julcsi, Kaci, Csirke)","A lÃ©gkÃ¶r rengeteget szÃ¡mÃ­t, ez a videÃ³ sokkal jobb lett, mint az elÅ‘zÅ‘ Munchkin. Gratula hozzÃ¡.
kettÅ‘skereszt nembeszÃ©lÃ¼nkmagyarulmertaznemolyanmenÅ‘illetvetrendicsapat"
OznIUgNIxuY,"Fun With Geeks Live | Munchkin (Julcsi, Kaci, Csirke)",Jaj nee ez az a jÃ¡tÃ©k ami utÃ¡n kicsit megutÃ¡ltam kaciÃ©kat xd
OznIUgNIxuY,"Fun With Geeks Live | Munchkin (Julcsi, Kaci, Csirke)","Hmmm, a Supermunchkin 1 classnÃ¡l, a kÃ©pessÃ©gek negatÃ­v effektjeit is figyelmen kÃ­vÃ¼l hagyja? Vagy csak , ami a szÃ¶rnyekbÅ‘l Ã©s tÃ¡rgyakbÃ³l adÃ³dik ?"
OznIUgNIxuY,"Fun With Geeks Live | Munchkin (Julcsi, Kaci, Csirke)","Szia Daev!
LÃ¡ttam a hÃ¡ttÃ©rben a Mysterium-ot Ã©s ha jÃ³l emlÃ©kszem, abbÃ³l mÃ©g nem volt tartalom. LehetsÃ©ges hogy lesz?
VÃ¡laszod elÅ‘re is kÃ¶szÃ¶nÃ¶m! :D"
OznIUgNIxuY,"Fun With Geeks Live | Munchkin (Julcsi, Kaci, Csirke)",Ã‰n az utolsÃ³ 5 percben Ã©rkeztem de ezt visszanÃ©zem #teamFWG #kacivÃ©gigcsal
OznIUgNIxuY,"Fun With Geeks Live | Munchkin (Julcsi, Kaci, Csirke)",#NemtommitÃ­rjakdejÃ³volt
OznIUgNIxuY,"Fun With Geeks Live | Munchkin (Julcsi, Kaci, Csirke)",KezdÃ©s: 2:32
OznIUgNIxuY,"Fun With Geeks Live | Munchkin (Julcsi, Kaci, Csirke)","Nem Ã©rtem a hÃ¡borgÃ¡s miÃ©rtjÃ©t , szabÃ¡ly , hogy lehet csalni , nem vettÃ©tek Ã©szre :D szÃ©p volt! #teamnospoiler"
OznIUgNIxuY,"Fun With Geeks Live | Munchkin (Julcsi, Kaci, Csirke)",KezdÃ©s 2:33
OznIUgNIxuY,"Fun With Geeks Live | Munchkin (Julcsi, Kaci, Csirke)",KezdÃ©s 2:31
nJ0-slvN5mU,Geeks-a-Musing Live stream Q&amp;A,Troy should make an indian girlfriend ğŸ˜Š
nJ0-slvN5mU,Geeks-a-Musing Live stream Q&amp;A,Oh man...i missed your live.... please do it again â¤ï¸â¤ï¸â¤ï¸â¤ï¸â¤ï¸â¤ï¸
nJ0-slvN5mU,Geeks-a-Musing Live stream Q&amp;A,When are you coming live again
nJ0-slvN5mU,Geeks-a-Musing Live stream Q&amp;A,I want to listen hindi from all u guys can u plz say something thing in hindi
nJ0-slvN5mU,Geeks-a-Musing Live stream Q&amp;A,"Ww2 history fan Nathan?...watch the 'The Green Mile', Where the Eaglea Dare' and ah ' Das Boot' check these out"
nJ0-slvN5mU,Geeks-a-Musing Live stream Q&amp;A,I will be the guide for u in india come please
nJ0-slvN5mU,Geeks-a-Musing Live stream Q&amp;A,Come india
nJ0-slvN5mU,Geeks-a-Musing Live stream Q&amp;A,Stay safe bros. Love you
nJ0-slvN5mU,Geeks-a-Musing Live stream Q&amp;A,Nice family keep it up
nJ0-slvN5mU,Geeks-a-Musing Live stream Q&amp;A,Oh damn I missed it
nJ0-slvN5mU,Geeks-a-Musing Live stream Q&amp;A,"Ohh no... I didn't get any notification that u people having a live streaming..i missed that ...ğŸ¤”ğŸ¤”...I really wanted to ask  Rachel about how is she so cute amd emphatic...ğŸ˜˜u r a beautiful family..nathen,rachel,jordan,trinity and troy...luv u people...keep reviewing and stay blessed....rachel luv u.."
nJ0-slvN5mU,Geeks-a-Musing Live stream Q&amp;A,Namaste
nJ0-slvN5mU,Geeks-a-Musing Live stream Q&amp;A,"Rachel, please donâ€™t put that cell phone in your bosom.  Itâ€™s the worst thing a woman can do to her breasts.....radiation n DNA problems n the C scare."
nJ0-slvN5mU,Geeks-a-Musing Live stream Q&amp;A,Huh...I missed this session..nexttime digest send notification to all subscribers in advance and hope you guys doing well... time to be brave ourselves ğŸ‘
nJ0-slvN5mU,Geeks-a-Musing Live stream Q&amp;A,Troy is too smart for his age.....
nJ0-slvN5mU,Geeks-a-Musing Live stream Q&amp;A,"---------------â˜†â˜†â˜†â˜†â˜†â˜†---------------
Why did trinity n jordan marry so young??? Its very rare to happen, especially by western standards.
..........Not judging just curious."
nJ0-slvN5mU,Geeks-a-Musing Live stream Q&amp;A,Great keep it up
nJ0-slvN5mU,Geeks-a-Musing Live stream Q&amp;A,49:41 thats meğŸ˜‚ğŸ˜‚ you guys are my favouriteğŸ¤—
nJ0-slvN5mU,Geeks-a-Musing Live stream Q&amp;A,Hi sir
nJ0-slvN5mU,Geeks-a-Musing Live stream Q&amp;A,"Darn it I missed itâ˜¹ï¸
Why didn't I get the notification?
This sucks..."
nJ0-slvN5mU,Geeks-a-Musing Live stream Q&amp;A,**dudes lookup for some mixtapes and ariziyaanz sm'f gazls etc â€¢â€¢â€¢if you really ğŸ¤¨ğŸ¥°enjoy indiomusiq ty ;p eO0 (peaceout)â™¥ï¸ ~yours faithful
nJ0-slvN5mU,Geeks-a-Musing Live stream Q&amp;A,Plz react on sidhu Moosewala song punjabi singer
nJ0-slvN5mU,Geeks-a-Musing Live stream Q&amp;A,cam you  react on punjabi singer karan aujla
nJ0-slvN5mU,Geeks-a-Musing Live stream Q&amp;A,Heart surgery.. how did that come to be
nJ0-slvN5mU,Geeks-a-Musing Live stream Q&amp;A,Plz react to/  haan ji haan maine sharab
nJ0-slvN5mU,Geeks-a-Musing Live stream Q&amp;A,"Want reaction on SRK's romantic saga ""Suraj hua madhym"" from K3G

https://youtu.be/L0zKs8i7Nc8"
nJ0-slvN5mU,Geeks-a-Musing Live stream Q&amp;A,"Want reaction on SRK's romantic saga ""Suraj hua madhym"" from K3G

https://youtu.be/L0zKs8i7Nc8"
nJ0-slvN5mU,Geeks-a-Musing Live stream Q&amp;A,"Want reaction on SRK's romantic saga ""Suraj hua madhym"" from K3G

https://youtu.be/L0zKs8i7Nc8"
nJ0-slvN5mU,Geeks-a-Musing Live stream Q&amp;A,"Want reaction on SRK's romantic saga ""Suraj hua madhym"" from K3G

https://youtu.be/L0zKs8i7Nc8"
nJ0-slvN5mU,Geeks-a-Musing Live stream Q&amp;A,"Want reaction on SRK's romantic saga ""Suraj hua madhym"" from K3G

https://youtu.be/L0zKs8i7Nc8"
nJ0-slvN5mU,Geeks-a-Musing Live stream Q&amp;A,PLEASE REACT TO - CAT WILL NOT WALK ON THE QURAN
nJ0-slvN5mU,Geeks-a-Musing Live stream Q&amp;A,"Please watch this song for review
https://youtu.be/3fSlGG_qnzs"
nJ0-slvN5mU,Geeks-a-Musing Live stream Q&amp;A,Pls try indian cloth. &...indian food making vedio...
nJ0-slvN5mU,Geeks-a-Musing Live stream Q&amp;A,Pls react on veer jara trailer.
nJ0-slvN5mU,Geeks-a-Musing Live stream Q&amp;A,"Best Hollywood actor:- DWAYNE THE ROCK JOHNSON, LEONARDO DI CAPRIO,VIN DIESEL, MATT DAMON."
nJ0-slvN5mU,Geeks-a-Musing Live stream Q&amp;A,"Oh man Nathan, Technically your channel is going crazy. Pls look into that. Till now there is no live program appeared in your channel. But suddenly from nowhere this program surfaced with many comments. Why it wasn't visible long before. Also you put RRR video reaction yesterday and the whole video was in repeat mode without your reactions audible. I think you deleted it later. But all these things needs to be addressed. So look at your technical glitches!"
nJ0-slvN5mU,Geeks-a-Musing Live stream Q&amp;A,Sup bro
nJ0-slvN5mU,Geeks-a-Musing Live stream Q&amp;A,Could you react on Pakistani latest released movie Trailer ZARAR
nJ0-slvN5mU,Geeks-a-Musing Live stream Q&amp;A,Pls react on Bahubali  fighting scene
nJ0-slvN5mU,Geeks-a-Musing Live stream Q&amp;A,Go for Gaandakannazhagi Song!
nJ0-slvN5mU,Geeks-a-Musing Live stream Q&amp;A,You must react to Hawaizaada
nJ0-slvN5mU,Geeks-a-Musing Live stream Q&amp;A,pls watch Comrade in America (CIA) Malayalam movie with subtitles and do a review.
nJ0-slvN5mU,Geeks-a-Musing Live stream Q&amp;A,Hey pls react to Ek din teri raahon mein I beg u lot no one reacted u will be first ğŸ˜ğŸ˜ğŸ˜
nJ0-slvN5mU,Geeks-a-Musing Live stream Q&amp;A,Need ur reaction on this romantic video https://t.co/scAQYmyLc5
nJ0-slvN5mU,Geeks-a-Musing Live stream Q&amp;A,Dang ! I missed this
nJ0-slvN5mU,Geeks-a-Musing Live stream Q&amp;A,Kalari payattu Indian art look some vedios kungfu is Indian art
nJ0-slvN5mU,Geeks-a-Musing Live stream Q&amp;A,hey guys please do reacton mardaani 2 interview  video please it amazing do check
nJ0-slvN5mU,Geeks-a-Musing Live stream Q&amp;A,Really so beautiful family dear love from Canada
nJ0-slvN5mU,Geeks-a-Musing Live stream Q&amp;A,You haven't seen kabhi khushi kabhie gham yetğŸ˜­
nJ0-slvN5mU,Geeks-a-Musing Live stream Q&amp;A,"Guys plz react to this song ""kanave kanave heart melting song"""
nJ0-slvN5mU,Geeks-a-Musing Live stream Q&amp;A,Plzz do reaction videos on Yo Yo Honey Singh Songsâ¤ğŸ˜‡
nJ0-slvN5mU,Geeks-a-Musing Live stream Q&amp;A,"Please review on 

https://youtu.be/jG-vHdtceuQ"
nJ0-slvN5mU,Geeks-a-Musing Live stream Q&amp;A,"Please review on 

https://youtu.be/jG-vHdtceuQ"
nJ0-slvN5mU,Geeks-a-Musing Live stream Q&amp;A,Please react to salman khan songs from movie (biwi no 1)ğŸ˜­ğŸ˜­ğŸ˜­ğŸ˜­plesae
nJ0-slvN5mU,Geeks-a-Musing Live stream Q&amp;A,Eagerly waiting for your reaction on #RRR!!! ğŸ˜ƒğŸ˜ƒğŸ˜ƒ
nJ0-slvN5mU,Geeks-a-Musing Live stream Q&amp;A,Try Make a video on videosongs form the movie Saaho
nJ0-slvN5mU,Geeks-a-Musing Live stream Q&amp;A,Plz react pakistani .......movei zarrar trelar---
nJ0-slvN5mU,Geeks-a-Musing Live stream Q&amp;A,"https://youtu.be/ewsffWp3fpU
React to this please"
nJ0-slvN5mU,Geeks-a-Musing Live stream Q&amp;A,"U all looks so interested, curious, impatient to know the questions and to give the answers too and you all r so dedicated and honest at your job. u all r being yourself and having honest fun with everybody, i like it, ğŸ˜†ğŸ˜…this r the awesome best reactions than the other reactions guys keep it up!.ğŸ˜€ğŸ˜†"
nJ0-slvN5mU,Geeks-a-Musing Live stream Q&amp;A,Hey guys please do a reaction on a coke studio song Tera Woh Pyar By Momina Mustehsan and Asim Azhar . You'll love it for sure and yeah don't forget to turn on the closed captions they are available in every coke studio video. Love from Pakistan
nJ0-slvN5mU,Geeks-a-Musing Live stream Q&amp;A,Rachel is very good and she has connected with emotional Scenes and when she started crying .....I feel myself depressed...ğŸ˜” Im requesting to the family please take care of Rachel(unconditional lovaeâ¤â¤)..keep Rockzzz!!!and stay at home  because of Covid-19
nJ0-slvN5mU,Geeks-a-Musing Live stream Q&amp;A,Priyanka Chopra in new movies USA ğŸ‡ºğŸ‡¸
nJ0-slvN5mU,Geeks-a-Musing Live stream Q&amp;A,Akshay in houseful 5 in Katrina Kaif
nJ0-slvN5mU,Geeks-a-Musing Live stream Q&amp;A,Salman Khan on the Katrina Kaif just like friends pz
nJ0-slvN5mU,Geeks-a-Musing Live stream Q&amp;A,please react on this pyaar ka punchnama 2 clip -   https://youtu.be/5S7xXD6q5uo
nJ0-slvN5mU,Geeks-a-Musing Live stream Q&amp;A,Don 3 not Priyanka Chopra with a for shahrukh khan just not finished not happy ğŸ˜ƒ
nJ0-slvN5mU,Geeks-a-Musing Live stream Q&amp;A,Krrish 4 in Priyanka Chopra with a hrithik roshan
nJ0-slvN5mU,Geeks-a-Musing Live stream Q&amp;A,Priyanka Chopra in English movies
nJ0-slvN5mU,Geeks-a-Musing Live stream Q&amp;A,Shahrukh khan in don 3
nJ0-slvN5mU,Geeks-a-Musing Live stream Q&amp;A,I didn't get the notificationsğŸ˜“eager to ask some question because I was trekking with my cousin and came home late caused I'm bored after this lockdown love from meghalayaâ¤btw we're going out to a place cause there no people so it's safe but stay safe and be safe geeksamusing.
nJ0-slvN5mU,Geeks-a-Musing Live stream Q&amp;A,Krrish 4 in hrithik and Priyanka back to 2020
nJ0-slvN5mU,Geeks-a-Musing Live stream Q&amp;A,Hi
nJ0-slvN5mU,Geeks-a-Musing Live stream Q&amp;A,I am eagerly waiting for u guys to react on RRR motion picture and another character teaser for Ram Charan in RRR. RRR is being directed by Rajamouli (Bahubali director)
nJ0-slvN5mU,Geeks-a-Musing Live stream Q&amp;A,"https://youtu.be/8QHuJ3rhWWo watch and review thrissur pooram celebrating in Thrissur, Kerala, India...."
nJ0-slvN5mU,Geeks-a-Musing Live stream Q&amp;A,Please React weird genius : Lathi
nJ0-slvN5mU,Geeks-a-Musing Live stream Q&amp;A,"18:,45 Rachsel -Whai is pkmkbğŸ˜‚ğŸ˜‚"
nJ0-slvN5mU,Geeks-a-Musing Live stream Q&amp;A,"Watch some good SRK movie song ....
Jiya re song :- https://youtu.be/smn3mDBOUy4
Mahi ve song :- 
https://youtu.be/1BWdglekty0"
nJ0-slvN5mU,Geeks-a-Musing Live stream Q&amp;A,Man I didn't get the notification
nJ0-slvN5mU,Geeks-a-Musing Live stream Q&amp;A,Hey please react to RRR Bheem for rama Raju video
nJ0-slvN5mU,Geeks-a-Musing Live stream Q&amp;A,I love you guys soo muchâ¤ğŸ¤—
nJ0-slvN5mU,Geeks-a-Musing Live stream Q&amp;A,React magdheera 100 soldier fight scene
nJ0-slvN5mU,Geeks-a-Musing Live stream Q&amp;A,Please react on KGF movie BUN scene ğŸ™ğŸ™ğŸ™ğŸ™ğŸ™ğŸ™ğŸ™ğŸ™ğŸ™ğŸ™ğŸ™ğŸ™ please
nJ0-slvN5mU,Geeks-a-Musing Live stream Q&amp;A,Hi
nJ0-slvN5mU,Geeks-a-Musing Live stream Q&amp;A,Hy Khasi flim trailer and full movies  fighting in Indian Northeast meghalaya
nJ0-slvN5mU,Geeks-a-Musing Live stream Q&amp;A,Rachel the whole video : I'M NOT 54
nJ0-slvN5mU,Geeks-a-Musing Live stream Q&amp;A,React to mukkabulla mukkabulla prabhu deva song please
nJ0-slvN5mU,Geeks-a-Musing Live stream Q&amp;A,Sir react to NAINA MORAY coke studio
nJ0-slvN5mU,Geeks-a-Musing Live stream Q&amp;A,Do a reaction video on liggi ritviz song
nJ0-slvN5mU,Geeks-a-Musing Live stream Q&amp;A,Plz react on srk & salman khan movie 'Karan arjun' song 'Bangda pale' ğŸ”¥ğŸ˜ğŸ˜‚ğŸ™ğŸ™ğŸ’ªğŸ‘ğŸ‘Œ
nJ0-slvN5mU,Geeks-a-Musing Live stream Q&amp;A,Please react to top 10 ceos from Indian
nJ0-slvN5mU,Geeks-a-Musing Live stream Q&amp;A,"Please react to this dance! https://youtu.be/OSlo1rMN2Fw
United kings team! India
Please!!!!!!!!!!!!!!!!!!+!"
nJ0-slvN5mU,Geeks-a-Musing Live stream Q&amp;A,I heard dat u guys r comin to india ryt?? Soo any plan to visit north east states of india?? U have to cum guys... There R many2 places u would love wen u visit it & neva gonna 4get dat experience.. Sooo we'll be waiting 4 u guys
nJ0-slvN5mU,Geeks-a-Musing Live stream Q&amp;A,Hrithik is temporary srk is permanent
nJ0-slvN5mU,Geeks-a-Musing Live stream Q&amp;A,Do you gays ever visit India ?
nJ0-slvN5mU,Geeks-a-Musing Live stream Q&amp;A,I really like your wife the way she cry on every  emotional  scene.
nJ0-slvN5mU,Geeks-a-Musing Live stream Q&amp;A,Hello guys
nJ0-slvN5mU,Geeks-a-Musing Live stream Q&amp;A,Can you say my name ?
nJ0-slvN5mU,Geeks-a-Musing Live stream Q&amp;A,"Wanna meet you guys , are all are amazing , I watch all your video  in this corona home stay season ğŸ˜†"
nJ0-slvN5mU,Geeks-a-Musing Live stream Q&amp;A,"Please visit to India and meet me ,"
nJ0-slvN5mU,Geeks-a-Musing Live stream Q&amp;A,Hi guys
nJ0-slvN5mU,Geeks-a-Musing Live stream Q&amp;A,what outdoor game you play ?
nJ0-slvN5mU,Geeks-a-Musing Live stream Q&amp;A,Thanks Rachel u answered my all questions almost all...thank u...n ya love from my daughter aisha â¤ï¸
nJ0-slvN5mU,Geeks-a-Musing Live stream Q&amp;A,Plzzzz on subtitles when you react to indian videos...ğŸ™
nJ0-slvN5mU,Geeks-a-Musing Live stream Q&amp;A,"Do reaction of these -

1. Agar main kahoon  Hritik +preety
2. Dance pe chance  SRK + Anushka"
nJ0-slvN5mU,Geeks-a-Musing Live stream Q&amp;A,Please react on the song -Naina asha na ho by arjit singh (Movie - holiday) it's a song on Indian army
nJ0-slvN5mU,Geeks-a-Musing Live stream Q&amp;A,Plssss React to RRR Movie First Look and Motion Poster ğŸ”¥ğŸ”¥ğŸ˜ƒğŸ˜ƒğŸ‘ŒğŸ‘Œ
nJ0-slvN5mU,Geeks-a-Musing Live stream Q&amp;A,no wonder .these guys overtake jaby koay in few months
nJ0-slvN5mU,Geeks-a-Musing Live stream Q&amp;A,Hi Corona virus
nJ0-slvN5mU,Geeks-a-Musing Live stream Q&amp;A,Its youtube channel plzz check it
nJ0-slvN5mU,Geeks-a-Musing Live stream Q&amp;A,Nathan you are look like our stupid reaction
nJ0-slvN5mU,Geeks-a-Musing Live stream Q&amp;A,You all are very good your channel video is watching every day I am your friend
nJ0-slvN5mU,Geeks-a-Musing Live stream Q&amp;A,Have a question
nJ0-slvN5mU,Geeks-a-Musing Live stream Q&amp;A,How are youb
nJ0-slvN5mU,Geeks-a-Musing Live stream Q&amp;A,Hi
VXEm_Q12mHw,Mass for Geeks with Fr. Roderick,Thank you Father Roderick. I came to your channel for the Star Wars content. I stayed for the Christian message. You are helping alot of people find their faith again. Bless you. C
VXEm_Q12mHw,Mass for Geeks with Fr. Roderick,Excellent homily.
VXEm_Q12mHw,Mass for Geeks with Fr. Roderick,Was the â€œmake it soâ€ an intentional reference to Picard?
VXEm_Q12mHw,Mass for Geeks with Fr. Roderick,Thank you for mass father although I'm partial to the 1968 Oliver twist movie
VXEm_Q12mHw,Mass for Geeks with Fr. Roderick,â¤ï¸
VXEm_Q12mHw,Mass for Geeks with Fr. Roderick,"God bless you, Father!"
VXEm_Q12mHw,Mass for Geeks with Fr. Roderick,Happy Sunday father! Wonderful mass. Tupeck the rapping parrot really enjoying it! Iâ€™m so glad you do these mass for geeks & I hope you keep doing them. We need our little ThugLife Star Wars parrot learning in a way he enjoys. â¤ï¸ğŸ™ğŸ¾ Sending love.
A9aG3azprKw,Solving GeeksForGeeks,Good to see you that happy!
A9aG3azprKw,Solving GeeksForGeeks,"Hey, can you do a Leetcode live stream?"
A9aG3azprKw,Solving GeeksForGeeks,"Hi Gaurav, 
Could you please do a video on problem solving using bit operations? What I mean is, I do understand by solving that repeated xor operation gives the non-repeated integer from a set of integers. But I am not able to understand the significance of xor operation here. As in how to understand this in layman terms?"
A9aG3azprKw,Solving GeeksForGeeks,"watched it late, well when it was not live , hope to keep a sharp eye for any livestreams in future"
A9aG3azprKw,Solving GeeksForGeeks,Sir which editor are you using?
A9aG3azprKw,Solving GeeksForGeeks,Hey I needed a small help .....I wanted to learn coding from basic to advance level .....so plz share me how u have learned programming and share some good resources in YouTube and same good courses
A9aG3azprKw,Solving GeeksForGeeks,Sir I am a student of B.tech 1st year CSE from IET Lucknow . And I'm study from u.p. board (Hindi medium) so i face many problem. .I have done 50 question on spoj and some few question on hackerrank hackerearth. And after that  code is not done by me sir and i am not able to understand your code because of language problem . So sir what can i do for strong my coding skill. Please sir answer me sir .
A9aG3azprKw,Solving GeeksForGeeks,Hey Gaurav I know it is silly question but which IDE are you using?
A9aG3azprKw,Solving GeeksForGeeks,Can we use hashmap to save the characters and the count of characters. And after that just loop through the hashmap and print out the first character with  lowest count.
A9aG3azprKw,Solving GeeksForGeeks,why not use a bitset ??
A9aG3azprKw,Solving GeeksForGeeks,Hey Gaurav just wanted to know.....u always code CP in java...any problem with CPP?
A9aG3azprKw,Solving GeeksForGeeks,When bae wants attention 1:01
A9aG3azprKw,Solving GeeksForGeeks,Why u highlighted my comment when talking about dumb questions?? LolğŸ˜‚ğŸ˜‚I'm sorry if it was but I really wanted to know
A9aG3azprKw,Solving GeeksForGeeks,"Hi Gaurav, do you plan on going to google code jam final and beating Gennady? 




:P Just curious since you are interested in cp and Google code jam is probably the most popular cp contest for normal people(since icpc is only for undergrads)"
YlPnp6Zae1k,Mass for Geeks* with Father Roderick,"Gospel Reading Jn 20:19-31
19 On the evening of that first day of the week, when the doors were locked, where the disciples were,
for fear of the Jews, Jesus came and stood in their midst and said to them, ""Peace be with you."" 
20 When he had said this, he showed them his hands and his side. The disciples rejoiced when they saw the Lord.
21 (Jesus) said to them again, ""Peace be with you. As the Father has sent me, so I send you."" 
22  And when he had said this, he breathed on them and said to them, ""Receive the holy Spirit. 
23 Whose sins you forgive are forgiven them, and whose sins you retain are retained."" 
24 Thomas, called Didymus, one of the Twelve, was not with them when Jesus came.
25 So the other disciples said to him, ""We have seen the Lord."" But he said to them, ""Unless I see the mark of the nails in his hands and put my finger into the nailmarks and put my hand into his side, I will not believe."" 
26 Now a week later his disciples were again inside and Thomas was with them. Jesus came, although the doors were locked, and stood in their midst and said, ""Peace be with you."" 
27 Then he said to Thomas, ""Put your finger here and see my hands, and bring your hand and put it into my side, and do not be unbelieving, but believe."" 
28 Thomas answered and said to him, ""My Lord and my God!"" 
29 Jesus said to him, ""Have you come to believe because you have seen me? Blessed are those who have not seen and have believed."" 
30 Now Jesus did many other signs in the presence of (his) disciples that are not written in this book. 
31 But these are written that you may (come to)believe that Jesus is the Messiah, the Son of God, and that through this belief you may have life in his name."
YlPnp6Zae1k,Mass for Geeks* with Father Roderick,"I love this Mass and your  ability to move seamlessly among so many languages and with such excellent pronunciation! All the music css as me through except apparently the offertory piano piece, which seemed truncated. Copyright police or tech issue?"
YlPnp6Zae1k,Mass for Geeks* with Father Roderick,So even though im not a Catholic i really love  how you speak to the congregation in a geek way i love how you find god in other sourses as well another thing is i like the experience and understandings of all religions and denominations so thank you
YlPnp6Zae1k,Mass for Geeks* with Father Roderick,I love your homily you did a really good job! God Bless! From one Catholic YouTuber to another.ğŸ™ğŸ’–
YlPnp6Zae1k,Mass for Geeks* with Father Roderick,This is definitely the way
YlPnp6Zae1k,Mass for Geeks* with Father Roderick,"I'm Agnostic ( *not* an Atheist!! ), but I'm a big fan of Father Roderick!

The way he is able to reach out to all of us, without judgement or disdain.
No matter who we are, where we come from, or what we do and do not believe in.

Even unashamedly enjoying parts of modern, popular culture (like Star Wars, Star Trek, The Lord of the Rings and Harry Potter!) and appreciating the similarities to his faith and believes, instead of focusing on the differences and in doing so, reject it completely, as so many religious people do. He recognizes such story-elements as ""the battle between good and evil"", ""the heroes journey"", ""love qonquers all, ""the power of friendship"" and ""faith"" (in ones self, in others and in good winning in the end!).

I greatly admire him for this. It shows his big hart and truly open mind.
In the videos on his channel, he often shows a child-like wonder and enthousiasm.
Proving that he doesn't just say the words (like in this sermon), but also implements them into his life!

It breaks my heart to hear when people within the church-hierarchy are looking down upon him for his You-tube antics and his love for Star Wars, Harry Potter (!) and the like.
They fail to understand how much they could learn from this man.
It is often one of the main reasons why people don't (or no longer) go to church.
Too many proud and vain people, literally looking down on those who come to them for guidance and hope. Instead of acting as if they are above us, Father Roderick feels more ""of the people"".

This is what resonates with people. If ""the Church"" wants to invite non-believers to come over to them, they need to be able to communicate in a way that touches people and that speaks to them. Using the similarities between popular culture and religion is certainly one of them.

So to Fther Roderick I say: Keep doing what you're doing!
I love your video's and the way you choose to approach everyone and everything around you.

May the Force be with you.
Live long and prosper!"
YlPnp6Zae1k,Mass for Geeks* with Father Roderick,"1. Wow. That speach was amazing
2. Please react to ""the hunchback of notre dame"" by disney. It is a very powerful movie about religion, lust and morality. Or a least you should watch music videos from it.  I REALLY want to see your reaction and thoughts about it."
YlPnp6Zae1k,Mass for Geeks* with Father Roderick,This is the first catholic religious service I see. I live in an orthodox country and I am a baptist so... But I think no matter what is our religion as long as we are christians and we should be united because we all glorify Jesus Christ.
YlPnp6Zae1k,Mass for Geeks* with Father Roderick,Iâ€™m amazed (and envious) at how easily you and Inge can easily jump between multiple languages.     Itâ€™s a gift!
YlPnp6Zae1k,Mass for Geeks* with Father Roderick,"I've wanted to hear one of your masses since I started following you, over a year ago."
YlPnp6Zae1k,Mass for Geeks* with Father Roderick,Thank you Father
YlPnp6Zae1k,Mass for Geeks* with Father Roderick,please do the readings in english at least
YlPnp6Zae1k,Mass for Geeks* with Father Roderick,Thankyou Father vor the Video.
YlPnp6Zae1k,Mass for Geeks* with Father Roderick,why are the readings in different languages?
YlPnp6Zae1k,Mass for Geeks* with Father Roderick,"Beautiful homily, Fr! Saint Thomas, Pray for us! Jesus, I trust in you! God Bless you, Fr."
YlPnp6Zae1k,Mass for Geeks* with Father Roderick,"Thank you Father Roderick... you've just helped a very broken person and gave me much needed hope.
Keep being awesome and may the God be with you. :)

Edit: Greetings from Slovakia :)"
YlPnp6Zae1k,Mass for Geeks* with Father Roderick,A beautiful homily and lovely liturgy.
YlPnp6Zae1k,Mass for Geeks* with Father Roderick,Thank you father and peace be with you.
YlPnp6Zae1k,Mass for Geeks* with Father Roderick,Please consider posting Sunday Gospel reflections in the future. Your homily was outstanding â£
YlPnp6Zae1k,Mass for Geeks* with Father Roderick,I love Christ but hold little stock in religion these days. This was awesome and I'll definitely be back. Much love ğŸ‘
YlPnp6Zae1k,Mass for Geeks* with Father Roderick,"Thank you Father Roderick! It was an amazing Mass! I watched whole video with my mum - she doesn't know English but it was a great pleasure to hear you and ask me for translate :) I love the way you teach us. Can't wait another videos.
Greetings from Poland :)"
YlPnp6Zae1k,Mass for Geeks* with Father Roderick,22:16 Father's Homily (English)
YlPnp6Zae1k,Mass for Geeks* with Father Roderick,Thanks as always for sharing the mass father
YlPnp6Zae1k,Mass for Geeks* with Father Roderick,"The Homily in wich you, Father Roderick, have mentioned Luke Skywalker and Yoda, gave me strength, cause you help me to understand one of my most favorite scenes of Star wars much more and in a religious way. Thank you for it and may the Lord and the force be with you, allways.."
YlPnp6Zae1k,Mass for Geeks* with Father Roderick,Cool!
M6DIICkOkvI,Tweaks for Geeks: Nib Tuning and Smoothing,Of course 42... Unless of course it goes to ELEVEN!!!
M6DIICkOkvI,Tweaks for Geeks: Nib Tuning and Smoothing,Thanks much
M6DIICkOkvI,Tweaks for Geeks: Nib Tuning and Smoothing,Start 5:50
M6DIICkOkvI,Tweaks for Geeks: Nib Tuning and Smoothing,Did they do any follow up videos?
M6DIICkOkvI,Tweaks for Geeks: Nib Tuning and Smoothing,I just realized that the notes and instructions for reviewing are NOT where they are supposed to be. Can someone put them there?
M6DIICkOkvI,Tweaks for Geeks: Nib Tuning and Smoothing,"I'm just getting into fountain pens, and found this video extremely helpful. Thank you guys for doing it. Definitely going to search for more. I have to favorite this for when I have the courage to tinker with some crap vintage pens I got off that auction site. Thanks again!

Oh, and btw, in the book iirc (it's been over 20 years since I read it, dating myself there, oh dear), I think 42 was only the answer to the question of the meaning of life. The meaning of life itself, well, it's to have fun, no? It matters not the ride, so long as it's an enjoyable one."
M6DIICkOkvI,Tweaks for Geeks: Nib Tuning and Smoothing,Thank you very much!  Very helpful.
M6DIICkOkvI,Tweaks for Geeks: Nib Tuning and Smoothing,I have a Pilot Plumix that I really enjoy journeying with it. I dropped it at the store and started to write with it and felt the nib metal scratch the receipt. I tried looking left and right to buy a replacement nib or send it off for professional service. One can't be done and the other (service) just isn't cost effective vs. what I paid for the pen. This chat fixed the issue with still some scratching still but good enough to move on. THANKS!!!
M6DIICkOkvI,Tweaks for Geeks: Nib Tuning and Smoothing,"Major kudos to Brian Gray and the Geeks for this one. Â It's not just great information; it's VERY well explained! Â (Makes me want to buy an Edison just to say thanks.)

Any chance you guys still might follow up with more in this vein?"
M6DIICkOkvI,Tweaks for Geeks: Nib Tuning and Smoothing,I'm glad I looked back to see what videos I missed in the past (I'm a recent subscriber.) This video was really awesome - and I've added it to my favorites! Look forward to future webinars. :)
M6DIICkOkvI,Tweaks for Geeks: Nib Tuning and Smoothing,"Thanks for this video, Brian Gray...super helpful. Is there a part 2 on Baby's bottom, etc (can't seem to find it on youtube)?"
M6DIICkOkvI,Tweaks for Geeks: Nib Tuning and Smoothing,i'm surprised nobody asked this: what's the lupe? make/model? link in the description? :-/
M6DIICkOkvI,Tweaks for Geeks: Nib Tuning and Smoothing,Thank you for this show... very helpful info presented very clearly.
M6DIICkOkvI,Tweaks for Geeks: Nib Tuning and Smoothing,Well presented and very useful. Thanks! 
M6DIICkOkvI,Tweaks for Geeks: Nib Tuning and Smoothing,"So I realize I'm way late to this party. But I had to post to say thank you for the video--I found it very helpful. I had a couple of vintage pens that were giving me fits. I got my hands on a loupe, adjusted the tines, and they are now writing like a dream. Thanks again to Brian, and the whole gang!"
M6DIICkOkvI,Tweaks for Geeks: Nib Tuning and Smoothing,"I couldn't find the info on the video, but it's probably there. Who can you buy the kit from? I'd like the 3-grit file and the thin piece of flossing metal. I really don't need another cheap fountain pen-I have lots of those. But please, tell me how and how much? Thanks"
M6DIICkOkvI,Tweaks for Geeks: Nib Tuning and Smoothing,Super Junior on a pen video?? Love it. 
pX6mkxeYvV0,"Fun With Geeks Season 4 Livestream | Ãšj stÃºdiÃ³, rÃ©gi csapat!",Hogyhogy mÃ¡r nem szerepel annyit Covery a csatornÃ¡n?
pX6mkxeYvV0,"Fun With Geeks Season 4 Livestream | Ãšj stÃºdiÃ³, rÃ©gi csapat!","#cserÃ©ljÃ¼kleVikitJulcsira
Ã‰rvek : 1. Julcsi aranyos ezzel szembe Viki hangos ez mellett mÃ©g meg is prÃ³bÃ¡l ari lenni
2. Julcsi nem szÃ³l bele a  szabÃ¡lyba vs VIKI BELEORDÃT"
pX6mkxeYvV0,"Fun With Geeks Season 4 Livestream | Ãšj stÃºdiÃ³, rÃ©gi csapat!","A mÃ¡sodik rÃ©szt (GoodCritters) skippelnem kellett... Szerintem az asztal egy rÃ©sze nem Ã©rtette meg hogy egyrÃ©szt mi a jÃ¡tÃ©k lÃ©nyege, mÃ¡srÃ©szt hogy ez egy jÃ¡tÃ©k Ã©s nem feltÃ©tlenÃ¼l kell a jÃ¡tÃ©kos tÃ©nyleges ""elveinek"" a jÃ¡tszott karakter elveivel egybe esnie. Szerintem attÃ³l mÃ©g hogy te ha a valÃ³ Ã©letben arra is tÃ¶rekednÃ©l hogy egyenlÅ‘en legyenek elosztva a pÃ©nzek, ez egyrÃ©szt a jÃ¡tÃ©kban alakÃ­tott rablÃ³knak Ã©desmindegy, mÃ¡srÃ©szt tÃ¶bbnyire nem is vezet a gyÅ‘zelemhez. Ezen lehetne vitatkozni hogy a gyÅ‘zelem-e a legfontosabb rÃ©sze a jÃ¡tszÃ¡snak, de amennyit lÃ¡ttam a streambÅ‘l, ha a jÃ³ jÃ¡tÃ©kÃ©lmÃ©ny volt a cÃ©l, szerintem a jÃ¡tszÃ³ felek egymÃ¡s miatt ezt nem Ã©rtÃ©k el (Mondjuk nem voltam ott tehÃ¡t nem tudhatom), de ha elÃ©rtÃ©k is, a nÃ©zÅ‘k lÃ¡thatÃ³an nem nagyon Ã©lveztÃ©k."
pX6mkxeYvV0,"Fun With Geeks Season 4 Livestream | Ãšj stÃºdiÃ³, rÃ©gi csapat!",31:03 Viktor megszÃ³lal
pX6mkxeYvV0,"Fun With Geeks Season 4 Livestream | Ãšj stÃºdiÃ³, rÃ©gi csapat!",Az intro zene az sajat szerzemeny ?
pX6mkxeYvV0,"Fun With Geeks Season 4 Livestream | Ãšj stÃºdiÃ³, rÃ©gi csapat!",3:55:00 Daev csalt. 7el vezetett Viktor elvett 2-Å‘t majd oda adta magÃ¡nak. SzÃ³val ott mÃ¡r csak 3al vezez Viktor nem 5-el. Ãgy csak 3-at lÃ©phetett volna elÅ‘re nem 5-Ã¶t.
pX6mkxeYvV0,"Fun With Geeks Season 4 Livestream | Ãšj stÃºdiÃ³, rÃ©gi csapat!",Valami erÅ‘sebb jÃ¡tÃ©kra ahol ostobasÃ¡gokat kell beszÃ©lni vagy iszonyat stratÃ©gia Ã¡thÃ­vhatnÃ¡tok Ã­gy a 4. Ã©vadra belezÅ‘gÃ©pet. Vagy twisterezni.
pX6mkxeYvV0,"Fun With Geeks Season 4 Livestream | Ãšj stÃºdiÃ³, rÃ©gi csapat!","31:04 Viktor, LEGÃLISAN!"
pX6mkxeYvV0,"Fun With Geeks Season 4 Livestream | Ãšj stÃºdiÃ³, rÃ©gi csapat!","amikor azt kÃ©rik, hogy ne ordÃ­tsatok, az nem azt jelenti, hogy mindent halkabbra kell venni. azt Å‘ is meg tudnÃ¡ tenni, Ã©s Ã©n is. a problÃ©ma az, hogy az egyik percben suttogtok, a mÃ¡sikban meg torka szakadtÃ¡bÃ³l ordÃ­totok Ã©s a kÃ©t Ã¡llapot kÃ¶zÃ¶tt tÃºl nagy a kÃ¼lÃ¶nbsÃ©g."
pX6mkxeYvV0,"Fun With Geeks Season 4 Livestream | Ãšj stÃºdiÃ³, rÃ©gi csapat!","annyira elegem van mÃ¡r ViktorbÃ³l, hogy alig tudom tÃ¼rtÅ‘ztetni magam, hogy ne Ã­rjak valamit, amiÃ©rt kibannolnak.. de most mÃ¡r minden videÃ³t skippelni fogok, amiben benne van, mert elbassza a jÃ¡tÃ©kÃ©lmÃ©nyt"
pX6mkxeYvV0,"Fun With Geeks Season 4 Livestream | Ãšj stÃºdiÃ³, rÃ©gi csapat!","kezdÃ©s1: 9:00
kezdÃ©s2:  1:17:25
kezdÃ©s3: 2:59:13"
pX6mkxeYvV0,"Fun With Geeks Season 4 Livestream | Ãšj stÃºdiÃ³, rÃ©gi csapat!","57:49
Az Ã©let egy Ã©rdekes kÃ©rdÃ©se:
,,MiÃ©rt nem lÃ¡tszik a hang?"""
pX6mkxeYvV0,"Fun With Geeks Season 4 Livestream | Ãšj stÃºdiÃ³, rÃ©gi csapat!",Esetleg valaki intro zenÃ©t tudnÃ¡ valaki linkelni peeles? ğŸ˜Š
pX6mkxeYvV0,"Fun With Geeks Season 4 Livestream | Ãšj stÃºdiÃ³, rÃ©gi csapat!",KezdÃ©s: 8:49
qeKFcXJmijI,Stream With Geeks #1 | Cash N&#39; Guns,Marcinak milyen jÃ³l lakott Ã³vodÃ¡s kÃ©pe volt akkor :D
qeKFcXJmijI,Stream With Geeks #1 | Cash N&#39; Guns,kÃ¡lyhÃ¡val hattal voltam Ã©s tÃ¼krÃ¶zÅ‘dÃ¶tt a tÅ±z dave kÃ¶rÃ¼l mikor kacira nÃ©zett
qeKFcXJmijI,Stream With Geeks #1 | Cash N&#39; Guns,EBÃ–RNICSVIDEO
qeKFcXJmijI,Stream With Geeks #1 | Cash N&#39; Guns,Huuu de egy *****gyerek az a sirius. MIÃ‰RT NEM TUD ÃLLÃTANI A POFÃJÃN!?
qeKFcXJmijI,Stream With Geeks #1 | Cash N&#39; Guns,32:35 Cringy Goodlike
qeKFcXJmijI,Stream With Geeks #1 | Cash N&#39; Guns,Kaci megprÃ³bÃ¡lja halÃ¡losan komolyan venni a jÃ¡tÃ©kot. Nem megy neki.
qeKFcXJmijI,Stream With Geeks #1 | Cash N&#39; Guns,(Dick)e
qeKFcXJmijI,Stream With Geeks #1 | Cash N&#39; Guns,"AmÃºgy csak nekem tÅ±nt fel hogy 42:30 nÃ¡l a loot osztÃ¡snÃ¡l  dike lenyÃºlta kaci  tÃ­zezresÃ©t ?
(goodlike szÃ³l viktornak hogy  lootoljon, kaci kimarad dike viszi helyette)"
qeKFcXJmijI,Stream With Geeks #1 | Cash N&#39; Guns,amÃºgy dike lett a mÃ¡sodik mert 85+60 az 145
qeKFcXJmijI,Stream With Geeks #1 | Cash N&#39; Guns,#TeamKaci Daev a kommentekbe is kapja a pofonokat nem csak a donate-ekbe :D
qeKFcXJmijI,Stream With Geeks #1 | Cash N&#39; Guns,szÃ©p volt kaci
qeKFcXJmijI,Stream With Geeks #1 | Cash N&#39; Guns,ezaz kaci nyert
qeKFcXJmijI,Stream With Geeks #1 | Cash N&#39; Guns,Lassan 20.000 FeliratkozÃ³s lesz mÃ¡r :D
qeKFcXJmijI,Stream With Geeks #1 | Cash N&#39; Guns,A tÃ¡razÃ³s lapnÃ¡l csak bang-et kÃ©rhetek. Ã‰s ha 3 hp-m van Ã©s nem 5 Ã©letes skillem akkor kiegÃ©szÃ­thetem az Ã©letemet 5-re a HP kÃ¡rtyÃ¡val? MÃ¡r csak a thevr-os rÃ©szbÅ‘l kiindulva hogy a 3 Ã©letes embereknek ott volt 2 Ã¼res Ã©let slot
qeKFcXJmijI,Stream With Geeks #1 | Cash N&#39; Guns,ez i5-Ã¶s procival is fut? #setup
qeKFcXJmijI,Stream With Geeks #1 | Cash N&#39; Guns,#Kaci
qeKFcXJmijI,Stream With Geeks #1 | Cash N&#39; Guns,"#teamkaci, ezt letÃ¶ltÃ¶m Ã©s archivÃ¡lom, ilyen tÃ¶bbet Ãºgy sem lesz"
qeKFcXJmijI,Stream With Geeks #1 | Cash N&#39; Guns,Nem dobÃ¡ltÃ¡tok meg Kacit
qeKFcXJmijI,Stream With Geeks #1 | Cash N&#39; Guns,"Mi ez az alaptalan gyÅ±lÃ¶let az Ã¶reggel szemben? :D Ã‰n is Ã¶regnek Ã©rzem magam a 27 Ã©vemmel, de olyankor eszembe jut, hogy  ja vÃ¡rj, ott van Daev is. ZseniÃ¡lis ez a csatorna, megÃ©rte feliratkozni!"
qeKFcXJmijI,Stream With Geeks #1 | Cash N&#39; Guns,Kaci Powaaaa :D GG WP
qeKFcXJmijI,Stream With Geeks #1 | Cash N&#39; Guns,Ã©n nem talÃ¡ltam meg instÃ¡n :( pedig kivÃ¡ncsi voltam
qeKFcXJmijI,Stream With Geeks #1 | Cash N&#39; Guns,#Kacinyert :DDD SzÃ©p volt
qeKFcXJmijI,Stream With Geeks #1 | Cash N&#39; Guns,Ã‰n is kÃ¶szÃ¶nÃ¶m hogy valaki be Ã­rta hogy 80000+60000 az 140000 mert  fajt volna ha nem derÃ¼l ki.
qeKFcXJmijI,Stream With Geeks #1 | Cash N&#39; Guns,Goodlike lett a mÃ¡sodik mert 80+60 az nem 130 tudtommal!!! ğŸ˜‚ğŸ˜‚
qeKFcXJmijI,Stream With Geeks #1 | Cash N&#39; Guns,80+60 az 130 goodlike ? xdd
qeKFcXJmijI,Stream With Geeks #1 | Cash N&#39; Guns,Legyen mÃ©g ebbÃ¶l a jÃ¡tÃ©kbÃ³l
qeKFcXJmijI,Stream With Geeks #1 | Cash N&#39; Guns,80k+60k=130k?!?! GoofkÃ¡jk pls
qeKFcXJmijI,Stream With Geeks #1 | Cash N&#39; Guns,A jÃ¡tÃ©kot hol lehet megvenni/megrendelni?
qeKFcXJmijI,Stream With Geeks #1 | Cash N&#39; Guns,ennek a zs
qeKFcXJmijI,Stream With Geeks #1 | Cash N&#39; Guns,"Goodlike nem hasznÃ¡ltad a kÃ©pessÃ©ged! BÃ¡rmikor feltudtÃ¡l volna hÃºzni 10K-s lapot, de nagyszerÅ± jÃ¡tÃ©k volt"
qeKFcXJmijI,Stream With Geeks #1 | Cash N&#39; Guns,#teamehh
qeKFcXJmijI,Stream With Geeks #1 | Cash N&#39; Guns,KezdÃ©s -----> 0:50
qeKFcXJmijI,Stream With Geeks #1 | Cash N&#39; Guns,elsÅ‘
